/**
* Author: Francisco Coya.
* Description: SQL script to create the booking database for the application LeonCamp.
* Version: v1.0.4
* License: 2022 All Rights Reserved.
*/
-- SET sql_mode = '';
-- SET FOREIGN_KEY_CHECKS = 0;

-- DEVELOP DATABASE
-- DROP DATABASE IF EXISTS DB_BOOKING;
-- CREATE DATABASE DB_BOOKING;

-- PRODUCTION DATABASE
-- DROP DATABASE IF EXISTS heroku_9a632479322a297;
-- CREATE DATABASE heroku_9a632479322a297;
-- USE heroku_9a632479322a297;

-- USE DB_BOOKING;

DROP TABLE IF EXISTS USER_SEARCH_HISTORY;
DROP TABLE IF EXISTS APP_SEARCH;
DROP TABLE IF EXISTS USER_CONFIGURATION;
DROP TABLE IF EXISTS PLAN_FEATURE_APP_PLAN;
DROP TABLE IF EXISTS ACCOMODATION_ACC_PLAN;
DROP TABLE IF EXISTS APP_PLAN;
DROP TABLE IF EXISTS ACCOMODATION_ACC_RULE;
DROP TABLE IF EXISTS ACCOMODATION_RULE;
DROP TABLE IF EXISTS ACCOMODATION_PROMO_CODE;
DROP TABLE IF EXISTS PROMO_CODE;
DROP TABLE IF EXISTS ACCOMODATION_ACC_IMAGE;
DROP TABLE IF EXISTS ACCOMODATION_IMAGE;
DROP TABLE IF EXISTS SAVED_ACCOMODATION;
DROP TABLE IF EXISTS HOST_LANGUAGE;
DROP TABLE IF EXISTS ACCOMODATION_ACC_SERVICE;
DROP TABLE IF EXISTS ACCOMODATION_SERVICE_EXTRA;
DROP TABLE IF EXISTS ACCOMODATION_SERVICE;
DROP TABLE IF EXISTS USER_REVIEW;
DROP TABLE IF EXISTS PLAN_FEATURE;
DROP TABLE IF EXISTS PLAN_SUBSCRIPTION;
DROP TABLE IF EXISTS BOOKING;
DROP TABLE IF EXISTS PAYMENT_CREDIT_CARD;
DROP TABLE IF EXISTS PAYMENT_PAYPAL;
DROP TABLE IF EXISTS PAYMENT;
DROP TABLE IF EXISTS ACCOMODATION_REVIEW_REPLY;
DROP TABLE IF EXISTS ACCOMODATION_REVIEW;
DROP TABLE IF EXISTS ACCOMODATION;
DROP TABLE IF EXISTS ACCOMODATION_CATEGORY;
DROP TABLE IF EXISTS ACCOMODATION_LOCATION;
DROP TABLE IF EXISTS USER_HOST;
DROP TABLE IF EXISTS APP_USER;
DROP TABLE IF EXISTS USER_CONFIGURATION;
DROP TABLE IF EXISTS APP_CURRENCY;
DROP TABLE IF EXISTS APP_LANGUAGE;

-- ----------------------------

CREATE TABLE APP_LANGUAGE (
    ID INT AUTO_INCREMENT,
    LANG ENUM('ES', 'EN', 'IT', 'FR'),
    CONSTRAINT PK_APP_LANGUAGE PRIMARY KEY (ID)
);

-- APP CURRENCY - ISO 4217

CREATE TABLE APP_CURRENCY (
    ID INT AUTO_INCREMENT,
    CURRENCY_ALPHANUMERIC_CODE VARCHAR(3),
    CURRENCY_NAME VARCHAR(65) NOT NULL,
    CURRENCY_CODE INT,
    CONSTRAINT PK_APP_CURRENCY PRIMARY KEY (ID)
);

-- USER CONFIGURATION --> REGISTERED USER CAN SAVE THEIR CONFIGURATION
-- THE SAME CONFIGURATION COULD BE SHARED BELONG TWO USERS
CREATE TABLE USER_CONFIGURATION (
    ID INT AUTO_INCREMENT,
    ID_APP_LANGUAGE INT NOT NULL,
    ID_CURRENCY INT NOT NULL,
    CONSTRAINT PK_USER_CONFIGURATION PRIMARY KEY (ID),
    CONSTRAINT FK_USER_CONFIGURATION_APP_LANGUAGE FOREIGN KEY (ID_APP_LANGUAGE)
        REFERENCES APP_LANGUAGE (ID) ON UPDATE CASCADE ON DELETE CASCADE,
    CONSTRAINT FK_USER_CONFIGURATION_APP_CURRENCY FOREIGN KEY (ID_CURRENCY)
        REFERENCES APP_CURRENCY (ID) ON UPDATE CASCADE ON DELETE CASCADE
);

-- GENERAL SEARCHES
CREATE TABLE APP_SEARCH (
    ID INT AUTO_INCREMENT,
    WORD MEDIUMTEXT NOT NULL,
    CREATED_AT TIMESTAMP DEFAULT CURRENT_TIMESTAMP,
    CONSTRAINT PK_APP_SEARCH PRIMARY KEY (ID)
);

-- STARTED USER
CREATE TABLE APP_USER (
    ID INT AUTO_INCREMENT,
    UNAME VARCHAR(20) NOT NULL,
    SURNAME VARCHAR(50) NOT NULL,
    EMAIL VARCHAR(80) NOT NULL,
    PHONE VARCHAR(15),
    PASS VARCHAR(64) NOT NULL,
    PROFILE_IMG LONGBLOB,
    ID_APP_CONFIGURATION INT,
    CREATED_AT TIMESTAMP DEFAULT CURRENT_TIMESTAMP,
    CONSTRAINT PK_APP_USER PRIMARY KEY (ID),
    CONSTRAINT FK_APP_USER FOREIGN KEY (ID_APP_CONFIGURATION)
        REFERENCES USER_CONFIGURATION (ID)
        ON UPDATE CASCADE ON DELETE SET NULL
);

-- USER SEARCH HISTORY
CREATE TABLE USER_SEARCH_HISTORY (
    ID INT AUTO_INCREMENT,
    ID_USER INT NOT NULL,
    ID_SEARCH INT NOT NULL,
    CONSTRAINT PK_USER_SEARCH_HISTORY PRIMARY KEY (ID),
    CONSTRAINT FK_USER_SEARCH_HISTORY_APP_USER FOREIGN KEY (ID_USER)
        REFERENCES APP_USER (ID) ON UPDATE CASCADE ON DELETE CASCADE,
    CONSTRAINT FK_USER_SEARCH_HISTORY_APP_SEARCH FOREIGN KEY (ID_SEARCH)
        REFERENCES APP_SEARCH (ID) ON UPDATE CASCADE ON DELETE CASCADE
);

-- HOST USER
CREATE TABLE USER_HOST (
    ID INT AUTO_INCREMENT,
    DNI VARCHAR(9) NOT NULL,
    BIO MEDIUMTEXT,
    IS_DNI_VERIFIED BOOLEAN DEFAULT FALSE,
    IS_EMAIL_VERIFIED BOOLEAN DEFAULT FALSE,
    IS_PHONE_VERIFIED BOOLEAN DEFAULT FALSE,
    IS_VERIFIED BOOLEAN DEFAULT FALSE,
    DIRECTION VARCHAR(100) NOT NULL,
    CONSTRAINT PK_USER_HOST PRIMARY KEY (ID),
    CONSTRAINT FK_HOST_USER FOREIGN KEY (ID)
        REFERENCES APP_USER (ID)
);

-- HOST LANGUAGE - HOST CAN SPEAK MANY LANGUAGES
CREATE TABLE HOST_LANGUAGE (
    ID_HOST INT NOT NULL,
    ID_LANG INT NOT NULL,
    IS_NATIVE BOOLEAN DEFAULT FALSE,
    CONSTRAINT PK_HOST_HOST_LANGUAGE PRIMARY KEY (ID_HOST , ID_LANG),
    CONSTRAINT FK_HOST_LANGUAGE_APP_LANGUAGE FOREIGN KEY (ID_LANG)
        REFERENCES APP_LANGUAGE (ID)
        ON UPDATE CASCADE ON DELETE CASCADE,
    CONSTRAINT FK_HOST_LANGUAGE_USER_HOST FOREIGN KEY (ID_HOST)
        REFERENCES USER_HOST (ID)
        ON UPDATE CASCADE ON DELETE CASCADE
);

-- APPLICATION PLAN
CREATE TABLE APP_PLAN (
    ID INT AUTO_INCREMENT,
    PLAN_TYPE ENUM('MONTH', 'YEAR') NOT NULL,
    PRICE DECIMAL(15 , 2 ) NOT NULL,
    CONSTRAINT PK_APP_PLAN PRIMARY KEY (ID),
    CONSTRAINT CK_APP_PLAN_PRICE CHECK (PRICE > 0)
);

-- PLAN FEATURE
CREATE TABLE PLAN_FEATURE (
    ID INT AUTO_INCREMENT,
    DETAIL TINYTEXT NOT NULL,
    CONSTRAINT PK_PLAN_FEATURE PRIMARY KEY (ID)
);

-- PLAN FEATURE - APP PLAN RELATIONSHIP
CREATE TABLE PLAN_FEATURE_APP_PLAN (
    ID_PLAN INT NOT NULL,
    ID_PLAN_FEATURE INT NOT NULL,
    CONSTRAINT PK_PLAN_FEATURE_APP_PLAN PRIMARY KEY (ID_PLAN , ID_PLAN_FEATURE),
    CONSTRAINT FK_PLAN_FEATURE_APP_PLAN_APP_PLAN FOREIGN KEY (ID_PLAN)
        REFERENCES APP_PLAN (ID)
        ON UPDATE CASCADE ON DELETE CASCADE,
    CONSTRAINT FK_PLAN_FEATURE_APP_PLAN_PLAN_FEATURE FOREIGN KEY (ID_PLAN_FEATURE)
        REFERENCES PLAN_FEATURE (ID)
        ON UPDATE CASCADE ON DELETE CASCADE
);

-- PLAN SUBSCRIPTION (APP PLAN - USER HOST)
CREATE TABLE PLAN_SUBSCRIPTION (
    ID_PLAN INT NOT NULL,
    ID_USER INT NOT NULL,
    CREATED_AT TIMESTAMP DEFAULT CURRENT_TIMESTAMP,
    CONSTRAINT PK_PLAN_SUBSCRIPTION PRIMARY KEY (ID_PLAN , ID_USER),
    CONSTRAINT FK_PLAN_SUBSCRIPTION_APP_PLAN FOREIGN KEY (ID_PLAN)
        REFERENCES APP_PLAN (ID)
        ON UPDATE CASCADE ON DELETE CASCADE,
    CONSTRAINT FK_PLAN_SUBSCRIPTION_USER_HOST FOREIGN KEY (ID_USER)
        REFERENCES USER_HOST (ID)
        ON UPDATE CASCADE ON DELETE CASCADE,
    CONSTRAINT UQ_PLAN_SUBSCRIPTION_ID_USER UNIQUE (ID_USER)
);

-- LOCATION
CREATE TABLE ACCOMODATION_LOCATION (
    ID INT AUTO_INCREMENT,
    LAT DOUBLE NOT NULL,
    LNG DOUBLE NOT NULL,
    DIRECTION VARCHAR(100) NOT NULL,
    CITY VARCHAR(30) NOT NULL,
    ZIP INT,
    CONSTRAINT PK_ACCOMODATION_LOCATION PRIMARY KEY (ID)
);

-- ACCOMODATION CATEGORY
CREATE TABLE ACCOMODATION_CATEGORY (
    ID INT AUTO_INCREMENT,
    ACC_CAT VARCHAR(30) NOT NULL,
    CONSTRAINT PK_ACCOMODATION_CATEGORY PRIMARY KEY (ID)
);

-- ACCOMODATION
CREATE TABLE ACCOMODATION (
    REG_NUM VARCHAR(20) NOT NULL,
    ACC_DESCRIPTION MEDIUMTEXT NOT NULL,
    BEDS INT(2),
    NUM_BATHROOMS INT(1),
    NUM_BEDROOMS INT(1),
    PRICE_PER_NIGHT DECIMAL(15 , 4 ),
    GUESTS INT,
    AREA DECIMAL(15 , 4 ) NOT NULL,
    ID_ACC_CATEGORY INT NOT NULL,
    ID_ACC_LOCATION INT NOT NULL,
    ID_USER_OWNER INT NOT NULL,
    CREATED_AT TIMESTAMP DEFAULT CURRENT_TIMESTAMP,
    CONSTRAINT PK_ACCOMODATION PRIMARY KEY (REG_NUM),
    CONSTRAINT FK_ACCOMODATION_CATEGORY FOREIGN KEY (ID_ACC_CATEGORY)
        REFERENCES ACCOMODATION_CATEGORY (ID)
        ON UPDATE CASCADE,
    CONSTRAINT FK_ACCOMODATION_LOCATION FOREIGN KEY (ID_ACC_LOCATION)
        REFERENCES ACCOMODATION_LOCATION (ID)
        ON UPDATE CASCADE ON DELETE CASCADE,
    CONSTRAINT FK_ACCOMODATION_USER_HOST FOREIGN KEY (ID_USER_OWNER)
        REFERENCES USER_HOST (ID)
        ON UPDATE CASCADE ON DELETE CASCADE,
    CONSTRAINT CK_BEDS CHECK (BEDS > 0),
    CONSTRAINT CK_NUM_BATHROOMS CHECK (NUM_BATHROOMS > 0),
    CONSTRAINT CK_NUM_BEDROOMS CHECK (NUM_BEDROOMS > 0),
    CONSTRAINT CK_PRICE CHECK (PRICE_PER_NIGHT > 0),
    CONSTRAINT CK_AREA CHECK (AREA > 0)
);

-- SERVICE
CREATE TABLE ACCOMODATION_SERVICE (
    ID INT AUTO_INCREMENT,
    DENOMINATION VARCHAR(30) NOT NULL,
    CONSTRAINT PK_ACCOMODATION_SERVICE PRIMARY KEY (ID)
);

-- SERVICE --> EXTRA SERVICE
CREATE TABLE ACCOMODATION_SERVICE_EXTRA (
    ID INT AUTO_INCREMENT,
    PRICE DECIMAL(15 , 2 ) NOT NULL,
    CONSTRAINT PK_ACCOMODATION_SERVICE_EXTRA PRIMARY KEY (ID),
    CONSTRAINT FK_ACCOMODATION_SERVICE_EXTRA_ACC_SERVICE FOREIGN KEY (ID)
        REFERENCES ACCOMODATION_SERVICE (ID),
    CONSTRAINT CK_EXTRA_SERVICE_PRICE CHECK (PRICE > 0)
);

-- ACCOMODATION - SERVICE RELATIONSHIP
CREATE TABLE ACCOMODATION_ACC_SERVICE (
    ID_ACC VARCHAR(20) NOT NULL,
    ID_ACC_SERVICE INT NOT NULL,
    CONSTRAINT PK_ACCOMODATION_ACC_SERVICE PRIMARY KEY (ID_ACC , ID_ACC_SERVICE),
    CONSTRAINT FK_ACCOMODATION_ACC_SERVICE_ACCOMODATION FOREIGN KEY (ID_ACC)
        REFERENCES ACCOMODATION (REG_NUM)
        ON UPDATE CASCADE ON DELETE CASCADE,
    CONSTRAINT FK_ACCOMODATION_ACC_SERVICE_ACCOMODATION_SERVICE FOREIGN KEY (ID_ACC_SERVICE)
        REFERENCES ACCOMODATION_SERVICE (ID)
        ON UPDATE CASCADE ON DELETE CASCADE
);

-- RULE
CREATE TABLE ACCOMODATION_RULE (
    ID INT AUTO_INCREMENT,
    RULE TINYTEXT NOT NULL,
    CONSTRAINT PK_ACCOMODATION_RULE PRIMARY KEY (ID)
);

-- ACCOMODATION - RULE RELATIONSHIP
CREATE TABLE ACCOMODATION_ACC_RULE (
    ID_ACC VARCHAR(20) NOT NULL,
    ID_ACC_RULE INT NOT NULL,
    CONSTRAINT PK_ACCOMODATION_ACC_RULE PRIMARY KEY (ID_ACC , ID_ACC_RULE),
    CONSTRAINT FK_ACCOMODATION_ACC_RULE_ACCOMODATION FOREIGN KEY (ID_ACC)
        REFERENCES ACCOMODATION (REG_NUM)
        ON UPDATE CASCADE ON DELETE CASCADE,
    CONSTRAINT FK_ACCOMODATION_ACC_RULE_ACCOMODATION_RULE FOREIGN KEY (ID_ACC_RULE)
        REFERENCES ACCOMODATION_RULE (ID)
        ON UPDATE CASCADE ON DELETE CASCADE
);

-- IMAGE
CREATE TABLE ACCOMODATION_IMAGE (
    ID INT AUTO_INCREMENT,
    IMG_URL MEDIUMBLOB NOT NULL,
    CONSTRAINT PK_ACCOMODATION_IMAGE PRIMARY KEY (ID)
);

-- ACCOMODATION - IMAGE RELATIONSHIP
CREATE TABLE ACCOMODATION_ACC_IMAGE(
	ID_ACC VARCHAR(20) NOT NULL,
    ID_ACC_IMAGE INT NOT NULL,
    CONSTRAINT PK_ACCOMODATION_ACC_IMAGE PRIMARY KEY(ID_ACC, ID_ACC_IMAGE),
    CONSTRAINT FK_ACCOMODATION_ACC_IMAGE_ACCOMODATION FOREIGN KEY(ID_ACC) REFERENCES ACCOMODATION(REG_NUM) ON DELETE CASCADE,
    CONSTRAINT FK_ACCOMODATION_ACC_IMAGE_ACCOMODATION_IMAGE FOREIGN KEY(ID_ACC_IMAGE) REFERENCES ACCOMODATION_IMAGE(ID) ON DELETE CASCADE
);


-- PROMOTIONAL CODE
CREATE TABLE PROMO_CODE (
    SERIAL_NUM VARCHAR(10) NOT NULL,
    AMOUNT_PERCENTAGE DECIMAL(15, 4 ),
    DATE_START TIMESTAMP NOT NULL,
    DATE_END TIMESTAMP NOT NULL,
    ID_USER INT,
    CREATED_AT TIMESTAMP DEFAULT CURRENT_TIMESTAMP,
    CONSTRAINT PK_PROMO_CODE PRIMARY KEY (SERIAL_NUM),
    CONSTRAINT FK_PROMO_CODE_USER FOREIGN KEY (ID_USER)
        REFERENCES USER_HOST (ID)
        ON DELETE SET NULL ON UPDATE CASCADE
);

-- ACCOMODATION - PROMO CODE REALTIONSHIP
CREATE TABLE ACCOMODATION_PROMO_CODE(
	ID_ACC VARCHAR(20) NOT NULL,
    ID_PROMO_CODE VARCHAR(10)  NOT NULL,
    CONSTRAINT PK_ACCOMODATION_PROMO_CODE PRIMARY KEY(ID_ACC, ID_PROMO_CODE),
    CONSTRAINT FK_ACCOMODATION_PROMO_CODE_ACCOMODATION FOREIGN KEY(ID_ACC) REFERENCES ACCOMODATION(REG_NUM) ON DELETE CASCADE,
    CONSTRAINT FK_ACCOMODATION_PROMO_CODE_PROMO_CODE FOREIGN KEY(ID_PROMO_CODE) REFERENCES PROMO_CODE(SERIAL_NUM) ON DELETE CASCADE
);

-- PAYMENT
CREATE TABLE PAYMENT (
    ID INT AUTO_INCREMENT,
    PAYMENT_STATUS ENUM('PAGADO', 'PENDIENTE' ,'CANCELADO') DEFAULT 'PENDIENTE',
    CREATED_AT TIMESTAMP DEFAULT CURRENT_TIMESTAMP,
    CONSTRAINT PK_PAYMENT PRIMARY KEY (ID)
);

-- PAYMENT TYPES

CREATE TABLE PAYMENT_CREDIT_CARD (
    ID_PAYMENT INT NOT NULL,
    CARD_NUMBER VARCHAR(16) NOT NULL,
    CONSTRAINT PK_PAYMENT_CREDIT_CARD PRIMARY KEY (ID_PAYMENT),
    CONSTRAINT FK_CREDIT_CARD_PAYMENT FOREIGN KEY (ID_PAYMENT)
        REFERENCES PAYMENT (ID)
);

-- PAYPAL
CREATE TABLE PAYMENT_PAYPAL (
    ID_PAYMENT INT NOT NULL,
    ACCOUNT_EMAIL VARCHAR(50) NOT NULL,
    CONSTRAINT PK_PAYMENT_PAYPAL PRIMARY KEY (ID_PAYMENT),
    CONSTRAINT FK_PAYPAL_PAYMENT FOREIGN KEY (ID_PAYMENT)
        REFERENCES PAYMENT (ID)
);

-- BOOKING BILL
-- CREATE TABLE BOOKING_BILL(
--  BILL_NUM VARCHAR(9) NOT NULL,
--  CREATED_AT TIMESTAMP DEFAULT CURRENT_TIMESTAMP,
--  CONSTRAINT PK_BOOKING_BILL PRIMARY KEY(BILL_NUM),
--  CONSTRAINT UQ_PAYMENT_ID UNIQUE(PAYMENT_ID)
-- );

-- BOOKING
CREATE TABLE BOOKING(
  ID INT AUTO_INCREMENT,
  CHECK_IN DATETIME NOT NULL,
  CHECK_OUT DATETIME NOT NULL,
  GUESTS INT NOT NULL,
  AMOUNT DECIMAL(15 , 2 ) NOT NULL,
  DISCCOUNT DECIMAL(15 , 2 ) DEFAULT 0, -- EN EUROS
  SERVICE_FEE DECIMAL(15 , 2 ),
  TOTAL DECIMAL(15 , 2 ),
  BOOKING_STATUS ENUM('CONFIRMADA', 'PENDIENTE', 'CANCELADA', 'COMPLETADA') DEFAULT 'PENDIENTE',
  ID_USER INT, -- USER WHO MAKE THE BOOKING
  ID_ACCOMODATION VARCHAR(20),
  PAYMENT_ID INT,
  CREATED_AT TIMESTAMP DEFAULT CURRENT_TIMESTAMP,
  CONSTRAINT PK_BOOKING PRIMARY KEY(ID),
  CONSTRAINT FK_BOOKING_USER FOREIGN KEY(ID_USER) REFERENCES APP_USER(ID) ON UPDATE CASCADE ON DELETE SET NULL,
  CONSTRAINT FK_BOOKING_ACCOMODATION FOREIGN KEY(ID_ACCOMODATION) REFERENCES ACCOMODATION(REG_NUM) ON DELETE SET NULL,
  CONSTRAINT FK_BOOKING_PAYMENT FOREIGN KEY(PAYMENT_ID) REFERENCES PAYMENT(ID) ON UPDATE CASCADE ON DELETE SET NULL,
  CONSTRAINT CK_BOOKING_GUESTS CHECK (GUESTS > 0),
  CONSTRAINT CK_BOOKING_AMOUNT CHECK(AMOUNT > 0)
);

-- USER - USER REVIEW
CREATE TABLE USER_REVIEW (
    ID INT AUTO_INCREMENT,
    CONTENT MEDIUMTEXT,
    STARS INT DEFAULT 1,
    ID_USER_A INT NOT NULL,
    ID_USER_B INT,
    CREATED_AT TIMESTAMP DEFAULT CURRENT_TIMESTAMP,
    CONSTRAINT PK_USER_REVIEW PRIMARY KEY (ID),
    CONSTRAINT FK_USER_REVIEW_USER_A FOREIGN KEY (ID_USER_A)
        REFERENCES APP_USER (ID)
        ON UPDATE CASCADE ON DELETE CASCADE,
    CONSTRAINT FK_USER_REVIEW_USER_B FOREIGN KEY (ID_USER_B)
        REFERENCES APP_USER (ID)
        ON UPDATE CASCADE ON DELETE SET NULL,
    -- CONSTRAINT CK_NOT_SAME_USER CHECK (ID_USER_A <> ID_USER_B),
    CONSTRAINT CK_USER_REVIEW_STARS CHECK (STARS BETWEEN 1 AND 5)
);

-- USER - ACCOMODATION REVIEW
CREATE TABLE ACCOMODATION_REVIEW (
    ID INT AUTO_INCREMENT,
    CONTENT MEDIUMTEXT,
    STARS INT DEFAULT 1,
    ID_USER INT NOT NULL,
    ID_ACC VARCHAR(20) NOT NULL,
    CREATED_AT TIMESTAMP DEFAULT CURRENT_TIMESTAMP,
    CONSTRAINT PK_ACCOMODATION_REVIEW PRIMARY KEY (ID),
    CONSTRAINT FK_ACCOMODATION_REVIEW_USER FOREIGN KEY (ID_USER)
        REFERENCES APP_USER (ID)
        ON UPDATE CASCADE ON DELETE CASCADE,
    CONSTRAINT FK_ACCOMODATION_REVIEW_ACC FOREIGN KEY (ID_ACC)
        REFERENCES ACCOMODATION (REG_NUM)
        ON UPDATE CASCADE ON DELETE CASCADE,
    CONSTRAINT CK_ACCOMODATION_REVIEW_STARS CHECK (STARS BETWEEN 1 AND 5)
);

-- ACCOMODATION REVIEW REPLY
-- A REPLY IS JUST AVAILABLE FOR ACCOMODATION HOST WHO IS ABLE TO REPLY 1 TIME FOR ACCOMODATION REVIEW
CREATE TABLE ACCOMODATION_REVIEW_REPLY (
    ID INT AUTO_INCREMENT,
    CONTENT MEDIUMTEXT NOT NULL,
    ID_ACCOMODATION_REVIEW INT NOT NULL,
    CREATED_AT TIMESTAMP DEFAULT CURRENT_TIMESTAMP,
    CONSTRAINT PK_ACCOMODATION_REVIEW_REPLY PRIMARY KEY (ID),
    CONSTRAINT FK_ACCOMODATION_REVIEW_REPLY_ACCOMODATION_REVIEW FOREIGN KEY (ID_ACCOMODATION_REVIEW)
        REFERENCES ACCOMODATION_REVIEW (ID)
        ON UPDATE CASCADE ON DELETE CASCADE,
    CONSTRAINT UQ_ACCOMODATION_REVIEW_REPLY_ID_ACCOMODATION_REVIEW UNIQUE (ID_ACCOMODATION_REVIEW)
);

-- SAVED ACCOMODATION
CREATE TABLE SAVED_ACCOMODATION (
    ID INT AUTO_INCREMENT,
    ID_USER INT NOT NULL,
    ID_ACC VARCHAR(20) NOT NULL,
    CREATED_AT TIMESTAMP DEFAULT CURRENT_TIMESTAMP,
    CONSTRAINT PK_SAVED_ACCOMODATION PRIMARY KEY (ID),
    CONSTRAINT FK_SAVED_ACCOMODATION_USER FOREIGN KEY (ID_USER)
        REFERENCES APP_USER (ID)
        ON UPDATE CASCADE ON DELETE CASCADE,
    CONSTRAINT FK_SAVED_ACCOMODATION_ACC FOREIGN KEY (ID_ACC)
        REFERENCES ACCOMODATION (REG_NUM)
        ON UPDATE CASCADE ON DELETE CASCADE
);

-- USE DB_BOOKING;

INSERT INTO APP_CURRENCY(ID,CURRENCY_ALPHANUMERIC_CODE,CURRENCY_NAME,CURRENCY_CODE) VALUES (1,'AFN','Afghani',971);
INSERT INTO APP_CURRENCY(ID,CURRENCY_ALPHANUMERIC_CODE,CURRENCY_NAME,CURRENCY_CODE) VALUES (2,'EUR','Euro',978);
INSERT INTO APP_CURRENCY(ID,CURRENCY_ALPHANUMERIC_CODE,CURRENCY_NAME,CURRENCY_CODE) VALUES (3,'ALL','Lek',8);
INSERT INTO APP_CURRENCY(ID,CURRENCY_ALPHANUMERIC_CODE,CURRENCY_NAME,CURRENCY_CODE) VALUES (4,'DZD','Algerian Dinar',12);
INSERT INTO APP_CURRENCY(ID,CURRENCY_ALPHANUMERIC_CODE,CURRENCY_NAME,CURRENCY_CODE) VALUES (5,'USD','US Dollar',840);
INSERT INTO APP_CURRENCY(ID,CURRENCY_ALPHANUMERIC_CODE,CURRENCY_NAME,CURRENCY_CODE) VALUES (7,'AOA','Kwanza',973);
INSERT INTO APP_CURRENCY(ID,CURRENCY_ALPHANUMERIC_CODE,CURRENCY_NAME,CURRENCY_CODE) VALUES (8,'XCD','East Caribbean Dollar',951);
INSERT INTO APP_CURRENCY(ID,CURRENCY_ALPHANUMERIC_CODE,CURRENCY_NAME,CURRENCY_CODE) VALUES (9,NULL,'No universal currency',NULL);
INSERT INTO APP_CURRENCY(ID,CURRENCY_ALPHANUMERIC_CODE,CURRENCY_NAME,CURRENCY_CODE) VALUES (11,'ARS','Argentine Peso',32);
INSERT INTO APP_CURRENCY(ID,CURRENCY_ALPHANUMERIC_CODE,CURRENCY_NAME,CURRENCY_CODE) VALUES (12,'AMD','Armenian Dram',51);
INSERT INTO APP_CURRENCY(ID,CURRENCY_ALPHANUMERIC_CODE,CURRENCY_NAME,CURRENCY_CODE) VALUES (13,'AWG','Aruban Florin',533);
INSERT INTO APP_CURRENCY(ID,CURRENCY_ALPHANUMERIC_CODE,CURRENCY_NAME,CURRENCY_CODE) VALUES (14,'AUD','Australian Dollar',36);
INSERT INTO APP_CURRENCY(ID,CURRENCY_ALPHANUMERIC_CODE,CURRENCY_NAME,CURRENCY_CODE) VALUES (16,'AZN','Azerbaijan Manat',944);
INSERT INTO APP_CURRENCY(ID,CURRENCY_ALPHANUMERIC_CODE,CURRENCY_NAME,CURRENCY_CODE) VALUES (17,'BSD','Bahamian Dollar',44);
INSERT INTO APP_CURRENCY(ID,CURRENCY_ALPHANUMERIC_CODE,CURRENCY_NAME,CURRENCY_CODE) VALUES (18,'BHD','Bahraini Dinar',48);
INSERT INTO APP_CURRENCY(ID,CURRENCY_ALPHANUMERIC_CODE,CURRENCY_NAME,CURRENCY_CODE) VALUES (19,'BDT','Taka',50);
INSERT INTO APP_CURRENCY(ID,CURRENCY_ALPHANUMERIC_CODE,CURRENCY_NAME,CURRENCY_CODE) VALUES (20,'BBD','Barbados Dollar',52);
INSERT INTO APP_CURRENCY(ID,CURRENCY_ALPHANUMERIC_CODE,CURRENCY_NAME,CURRENCY_CODE) VALUES (21,'BYN','Belarusian Ruble',933);
INSERT INTO APP_CURRENCY(ID,CURRENCY_ALPHANUMERIC_CODE,CURRENCY_NAME,CURRENCY_CODE) VALUES (23,'BZD','Belize Dollar',84);
INSERT INTO APP_CURRENCY(ID,CURRENCY_ALPHANUMERIC_CODE,CURRENCY_NAME,CURRENCY_CODE) VALUES (24,'XOF','CFA Franc BCEAO',952);
INSERT INTO APP_CURRENCY(ID,CURRENCY_ALPHANUMERIC_CODE,CURRENCY_NAME,CURRENCY_CODE) VALUES (25,'BMD','Bermudian Dollar',60);
INSERT INTO APP_CURRENCY(ID,CURRENCY_ALPHANUMERIC_CODE,CURRENCY_NAME,CURRENCY_CODE) VALUES (26,'INR','Indian Rupee',356);
INSERT INTO APP_CURRENCY(ID,CURRENCY_ALPHANUMERIC_CODE,CURRENCY_NAME,CURRENCY_CODE) VALUES (27,'BTN','Ngultrum',64);
INSERT INTO APP_CURRENCY(ID,CURRENCY_ALPHANUMERIC_CODE,CURRENCY_NAME,CURRENCY_CODE) VALUES (28,'BOB','Boliviano',68);
INSERT INTO APP_CURRENCY(ID,CURRENCY_ALPHANUMERIC_CODE,CURRENCY_NAME,CURRENCY_CODE) VALUES (29,'BOV','Mvdol',984);
INSERT INTO APP_CURRENCY(ID,CURRENCY_ALPHANUMERIC_CODE,CURRENCY_NAME,CURRENCY_CODE) VALUES (31,'BAM','Convertible Mark',977);
INSERT INTO APP_CURRENCY(ID,CURRENCY_ALPHANUMERIC_CODE,CURRENCY_NAME,CURRENCY_CODE) VALUES (32,'BWP','Pula',72);
INSERT INTO APP_CURRENCY(ID,CURRENCY_ALPHANUMERIC_CODE,CURRENCY_NAME,CURRENCY_CODE) VALUES (33,'NOK','Norwegian Krone',578);
INSERT INTO APP_CURRENCY(ID,CURRENCY_ALPHANUMERIC_CODE,CURRENCY_NAME,CURRENCY_CODE) VALUES (34,'BRL','Brazilian Real',986);
INSERT INTO APP_CURRENCY(ID,CURRENCY_ALPHANUMERIC_CODE,CURRENCY_NAME,CURRENCY_CODE) VALUES (36,'BND','Brunei Dollar',96);
INSERT INTO APP_CURRENCY(ID,CURRENCY_ALPHANUMERIC_CODE,CURRENCY_NAME,CURRENCY_CODE) VALUES (37,'BGN','Bulgarian Lev',975);
INSERT INTO APP_CURRENCY(ID,CURRENCY_ALPHANUMERIC_CODE,CURRENCY_NAME,CURRENCY_CODE) VALUES (39,'BIF','Burundi Franc',108);
INSERT INTO APP_CURRENCY(ID,CURRENCY_ALPHANUMERIC_CODE,CURRENCY_NAME,CURRENCY_CODE) VALUES (40,'CVE','Cabo Verde Escudo',132);
INSERT INTO APP_CURRENCY(ID,CURRENCY_ALPHANUMERIC_CODE,CURRENCY_NAME,CURRENCY_CODE) VALUES (41,'KHR','Riel',116);
INSERT INTO APP_CURRENCY(ID,CURRENCY_ALPHANUMERIC_CODE,CURRENCY_NAME,CURRENCY_CODE) VALUES (42,'XAF','CFA Franc BEAC',950);
INSERT INTO APP_CURRENCY(ID,CURRENCY_ALPHANUMERIC_CODE,CURRENCY_NAME,CURRENCY_CODE) VALUES (43,'CAD','Canadian Dollar',124);
INSERT INTO APP_CURRENCY(ID,CURRENCY_ALPHANUMERIC_CODE,CURRENCY_NAME,CURRENCY_CODE) VALUES (44,'KYD','Cayman Islands Dollar',136);
INSERT INTO APP_CURRENCY(ID,CURRENCY_ALPHANUMERIC_CODE,CURRENCY_NAME,CURRENCY_CODE) VALUES (47,'CLP','Chilean Peso',152);
INSERT INTO APP_CURRENCY(ID,CURRENCY_ALPHANUMERIC_CODE,CURRENCY_NAME,CURRENCY_CODE) VALUES (48,'CLF','Unidad de Fomento',990);
INSERT INTO APP_CURRENCY(ID,CURRENCY_ALPHANUMERIC_CODE,CURRENCY_NAME,CURRENCY_CODE) VALUES (49,'CNY','Yuan Renminbi',156);
INSERT INTO APP_CURRENCY(ID,CURRENCY_ALPHANUMERIC_CODE,CURRENCY_NAME,CURRENCY_CODE) VALUES (52,'COP','Colombian Peso',170);
INSERT INTO APP_CURRENCY(ID,CURRENCY_ALPHANUMERIC_CODE,CURRENCY_NAME,CURRENCY_CODE) VALUES (53,'COU','Unidad de Valor Real',970);
INSERT INTO APP_CURRENCY(ID,CURRENCY_ALPHANUMERIC_CODE,CURRENCY_NAME,CURRENCY_CODE) VALUES (54,'KMF','Comorian Franc',174);
INSERT INTO APP_CURRENCY(ID,CURRENCY_ALPHANUMERIC_CODE,CURRENCY_NAME,CURRENCY_CODE) VALUES (55,'CDF','Congolese Franc',976);
INSERT INTO APP_CURRENCY(ID,CURRENCY_ALPHANUMERIC_CODE,CURRENCY_NAME,CURRENCY_CODE) VALUES (57,'NZD','New Zealand Dollar',554);
INSERT INTO APP_CURRENCY(ID,CURRENCY_ALPHANUMERIC_CODE,CURRENCY_NAME,CURRENCY_CODE) VALUES (58,'CRC','Costa Rican Colon',188);
INSERT INTO APP_CURRENCY(ID,CURRENCY_ALPHANUMERIC_CODE,CURRENCY_NAME,CURRENCY_CODE) VALUES (60,'HRK','Kuna',191);
INSERT INTO APP_CURRENCY(ID,CURRENCY_ALPHANUMERIC_CODE,CURRENCY_NAME,CURRENCY_CODE) VALUES (61,'CUP','Cuban Peso',192);
INSERT INTO APP_CURRENCY(ID,CURRENCY_ALPHANUMERIC_CODE,CURRENCY_NAME,CURRENCY_CODE) VALUES (62,'CUC','Peso Convertible',931);
INSERT INTO APP_CURRENCY(ID,CURRENCY_ALPHANUMERIC_CODE,CURRENCY_NAME,CURRENCY_CODE) VALUES (63,'ANG','Netherlands Antillean Guilder',532);
INSERT INTO APP_CURRENCY(ID,CURRENCY_ALPHANUMERIC_CODE,CURRENCY_NAME,CURRENCY_CODE) VALUES (65,'CZK','Czech Koruna',203);
INSERT INTO APP_CURRENCY(ID,CURRENCY_ALPHANUMERIC_CODE,CURRENCY_NAME,CURRENCY_CODE) VALUES (66,'DKK','Danish Krone',208);
INSERT INTO APP_CURRENCY(ID,CURRENCY_ALPHANUMERIC_CODE,CURRENCY_NAME,CURRENCY_CODE) VALUES (67,'DJF','Djibouti Franc',262);
INSERT INTO APP_CURRENCY(ID,CURRENCY_ALPHANUMERIC_CODE,CURRENCY_NAME,CURRENCY_CODE) VALUES (69,'DOP','Dominican Peso',214);
INSERT INTO APP_CURRENCY(ID,CURRENCY_ALPHANUMERIC_CODE,CURRENCY_NAME,CURRENCY_CODE) VALUES (71,'EGP','Egyptian Pound',818);
INSERT INTO APP_CURRENCY(ID,CURRENCY_ALPHANUMERIC_CODE,CURRENCY_NAME,CURRENCY_CODE) VALUES (72,'SVC','El Salvador Colon',222);
INSERT INTO APP_CURRENCY(ID,CURRENCY_ALPHANUMERIC_CODE,CURRENCY_NAME,CURRENCY_CODE) VALUES (75,'ERN','Nakfa',232);
INSERT INTO APP_CURRENCY(ID,CURRENCY_ALPHANUMERIC_CODE,CURRENCY_NAME,CURRENCY_CODE) VALUES (77,'SZL','Lilangeni',748);
INSERT INTO APP_CURRENCY(ID,CURRENCY_ALPHANUMERIC_CODE,CURRENCY_NAME,CURRENCY_CODE) VALUES (78,'ETB','Ethiopian Birr',230);
INSERT INTO APP_CURRENCY(ID,CURRENCY_ALPHANUMERIC_CODE,CURRENCY_NAME,CURRENCY_CODE) VALUES (80,'FKP','Falkland Islands Pound',238);
INSERT INTO APP_CURRENCY(ID,CURRENCY_ALPHANUMERIC_CODE,CURRENCY_NAME,CURRENCY_CODE) VALUES (82,'FJD','Fiji Dollar',242);
INSERT INTO APP_CURRENCY(ID,CURRENCY_ALPHANUMERIC_CODE,CURRENCY_NAME,CURRENCY_CODE) VALUES (86,'XPF','CFP Franc',953);
INSERT INTO APP_CURRENCY(ID,CURRENCY_ALPHANUMERIC_CODE,CURRENCY_NAME,CURRENCY_CODE) VALUES (89,'GMD','Dalasi',270);
INSERT INTO APP_CURRENCY(ID,CURRENCY_ALPHANUMERIC_CODE,CURRENCY_NAME,CURRENCY_CODE) VALUES (90,'GEL','Lari',981);
INSERT INTO APP_CURRENCY(ID,CURRENCY_ALPHANUMERIC_CODE,CURRENCY_NAME,CURRENCY_CODE) VALUES (92,'GHS','Ghana Cedi',936);
INSERT INTO APP_CURRENCY(ID,CURRENCY_ALPHANUMERIC_CODE,CURRENCY_NAME,CURRENCY_CODE) VALUES (93,'GIP','Gibraltar Pound',292);
INSERT INTO APP_CURRENCY(ID,CURRENCY_ALPHANUMERIC_CODE,CURRENCY_NAME,CURRENCY_CODE) VALUES (99,'GTQ','Quetzal',320);
INSERT INTO APP_CURRENCY(ID,CURRENCY_ALPHANUMERIC_CODE,CURRENCY_NAME,CURRENCY_CODE) VALUES (100,'GBP','Pound Sterling',826);
INSERT INTO APP_CURRENCY(ID,CURRENCY_ALPHANUMERIC_CODE,CURRENCY_NAME,CURRENCY_CODE) VALUES (101,'GNF','Guinean Franc',324);
INSERT INTO APP_CURRENCY(ID,CURRENCY_ALPHANUMERIC_CODE,CURRENCY_NAME,CURRENCY_CODE) VALUES (103,'GYD','Guyana Dollar',328);
INSERT INTO APP_CURRENCY(ID,CURRENCY_ALPHANUMERIC_CODE,CURRENCY_NAME,CURRENCY_CODE) VALUES (104,'HTG','Gourde',332);
INSERT INTO APP_CURRENCY(ID,CURRENCY_ALPHANUMERIC_CODE,CURRENCY_NAME,CURRENCY_CODE) VALUES (108,'HNL','Lempira',340);
INSERT INTO APP_CURRENCY(ID,CURRENCY_ALPHANUMERIC_CODE,CURRENCY_NAME,CURRENCY_CODE) VALUES (109,'HKD','Hong Kong Dollar',344);
INSERT INTO APP_CURRENCY(ID,CURRENCY_ALPHANUMERIC_CODE,CURRENCY_NAME,CURRENCY_CODE) VALUES (110,'HUF','Forint',348);
INSERT INTO APP_CURRENCY(ID,CURRENCY_ALPHANUMERIC_CODE,CURRENCY_NAME,CURRENCY_CODE) VALUES (111,'ISK','Iceland Krona',352);
INSERT INTO APP_CURRENCY(ID,CURRENCY_ALPHANUMERIC_CODE,CURRENCY_NAME,CURRENCY_CODE) VALUES (113,'IDR','Rupiah',360);
INSERT INTO APP_CURRENCY(ID,CURRENCY_ALPHANUMERIC_CODE,CURRENCY_NAME,CURRENCY_CODE) VALUES (114,'XDR','SDR (Special Drawing Right)',960);
INSERT INTO APP_CURRENCY(ID,CURRENCY_ALPHANUMERIC_CODE,CURRENCY_NAME,CURRENCY_CODE) VALUES (115,'IRR','Iranian Rial',364);
INSERT INTO APP_CURRENCY(ID,CURRENCY_ALPHANUMERIC_CODE,CURRENCY_NAME,CURRENCY_CODE) VALUES (116,'IQD','Iraqi Dinar',368);
INSERT INTO APP_CURRENCY(ID,CURRENCY_ALPHANUMERIC_CODE,CURRENCY_NAME,CURRENCY_CODE) VALUES (119,'ILS','New Israeli Sheqel',376);
INSERT INTO APP_CURRENCY(ID,CURRENCY_ALPHANUMERIC_CODE,CURRENCY_NAME,CURRENCY_CODE) VALUES (121,'JMD','Jamaican Dollar',388);
INSERT INTO APP_CURRENCY(ID,CURRENCY_ALPHANUMERIC_CODE,CURRENCY_NAME,CURRENCY_CODE) VALUES (122,'JPY','Yen',392);
INSERT INTO APP_CURRENCY(ID,CURRENCY_ALPHANUMERIC_CODE,CURRENCY_NAME,CURRENCY_CODE) VALUES (124,'JOD','Jordanian Dinar',400);
INSERT INTO APP_CURRENCY(ID,CURRENCY_ALPHANUMERIC_CODE,CURRENCY_NAME,CURRENCY_CODE) VALUES (125,'KZT','Tenge',398);
INSERT INTO APP_CURRENCY(ID,CURRENCY_ALPHANUMERIC_CODE,CURRENCY_NAME,CURRENCY_CODE) VALUES (126,'KES','Kenyan Shilling',404);
INSERT INTO APP_CURRENCY(ID,CURRENCY_ALPHANUMERIC_CODE,CURRENCY_NAME,CURRENCY_CODE) VALUES (128,'KPW','North Korean Won',408);
INSERT INTO APP_CURRENCY(ID,CURRENCY_ALPHANUMERIC_CODE,CURRENCY_NAME,CURRENCY_CODE) VALUES (129,'KRW','Won',410);
INSERT INTO APP_CURRENCY(ID,CURRENCY_ALPHANUMERIC_CODE,CURRENCY_NAME,CURRENCY_CODE) VALUES (130,'KWD','Kuwaiti Dinar',414);
INSERT INTO APP_CURRENCY(ID,CURRENCY_ALPHANUMERIC_CODE,CURRENCY_NAME,CURRENCY_CODE) VALUES (131,'KGS','Som',417);
INSERT INTO APP_CURRENCY(ID,CURRENCY_ALPHANUMERIC_CODE,CURRENCY_NAME,CURRENCY_CODE) VALUES (132,'LAK','Lao Kip',418);
INSERT INTO APP_CURRENCY(ID,CURRENCY_ALPHANUMERIC_CODE,CURRENCY_NAME,CURRENCY_CODE) VALUES (134,'LBP','Lebanese Pound',422);
INSERT INTO APP_CURRENCY(ID,CURRENCY_ALPHANUMERIC_CODE,CURRENCY_NAME,CURRENCY_CODE) VALUES (135,'LSL','Loti',426);
INSERT INTO APP_CURRENCY(ID,CURRENCY_ALPHANUMERIC_CODE,CURRENCY_NAME,CURRENCY_CODE) VALUES (136,'ZAR','Rand',710);
INSERT INTO APP_CURRENCY(ID,CURRENCY_ALPHANUMERIC_CODE,CURRENCY_NAME,CURRENCY_CODE) VALUES (137,'LRD','Liberian Dollar',430);
INSERT INTO APP_CURRENCY(ID,CURRENCY_ALPHANUMERIC_CODE,CURRENCY_NAME,CURRENCY_CODE) VALUES (138,'LYD','Libyan Dinar',434);
INSERT INTO APP_CURRENCY(ID,CURRENCY_ALPHANUMERIC_CODE,CURRENCY_NAME,CURRENCY_CODE) VALUES (139,'CHF','Swiss Franc',756);
INSERT INTO APP_CURRENCY(ID,CURRENCY_ALPHANUMERIC_CODE,CURRENCY_NAME,CURRENCY_CODE) VALUES (142,'MOP','Pataca',446);
INSERT INTO APP_CURRENCY(ID,CURRENCY_ALPHANUMERIC_CODE,CURRENCY_NAME,CURRENCY_CODE) VALUES (143,'MKD','Denar',807);
INSERT INTO APP_CURRENCY(ID,CURRENCY_ALPHANUMERIC_CODE,CURRENCY_NAME,CURRENCY_CODE) VALUES (144,'MGA','Malagasy Ariary',969);
INSERT INTO APP_CURRENCY(ID,CURRENCY_ALPHANUMERIC_CODE,CURRENCY_NAME,CURRENCY_CODE) VALUES (145,'MWK','Malawi Kwacha',454);
INSERT INTO APP_CURRENCY(ID,CURRENCY_ALPHANUMERIC_CODE,CURRENCY_NAME,CURRENCY_CODE) VALUES (146,'MYR','Malaysian Ringgit',458);
INSERT INTO APP_CURRENCY(ID,CURRENCY_ALPHANUMERIC_CODE,CURRENCY_NAME,CURRENCY_CODE) VALUES (147,'MVR','Rufiyaa',462);
INSERT INTO APP_CURRENCY(ID,CURRENCY_ALPHANUMERIC_CODE,CURRENCY_NAME,CURRENCY_CODE) VALUES (152,'MRU','Ouguiya',929);
INSERT INTO APP_CURRENCY(ID,CURRENCY_ALPHANUMERIC_CODE,CURRENCY_NAME,CURRENCY_CODE) VALUES (153,'MUR','Mauritius Rupee',480);
INSERT INTO APP_CURRENCY(ID,CURRENCY_ALPHANUMERIC_CODE,CURRENCY_NAME,CURRENCY_CODE) VALUES (155,'XUA','ADB Unit of Account',965);
INSERT INTO APP_CURRENCY(ID,CURRENCY_ALPHANUMERIC_CODE,CURRENCY_NAME,CURRENCY_CODE) VALUES (156,'MXN','Mexican Peso',484);
INSERT INTO APP_CURRENCY(ID,CURRENCY_ALPHANUMERIC_CODE,CURRENCY_NAME,CURRENCY_CODE) VALUES (157,'MXV','Mexican Unidad de Inversion (UDI)',979);
INSERT INTO APP_CURRENCY(ID,CURRENCY_ALPHANUMERIC_CODE,CURRENCY_NAME,CURRENCY_CODE) VALUES (159,'MDL','Moldovan Leu',498);
INSERT INTO APP_CURRENCY(ID,CURRENCY_ALPHANUMERIC_CODE,CURRENCY_NAME,CURRENCY_CODE) VALUES (161,'MNT','Tugrik',496);
INSERT INTO APP_CURRENCY(ID,CURRENCY_ALPHANUMERIC_CODE,CURRENCY_NAME,CURRENCY_CODE) VALUES (164,'MAD','Moroccan Dirham',504);
INSERT INTO APP_CURRENCY(ID,CURRENCY_ALPHANUMERIC_CODE,CURRENCY_NAME,CURRENCY_CODE) VALUES (165,'MZN','Mozambique Metical',943);
INSERT INTO APP_CURRENCY(ID,CURRENCY_ALPHANUMERIC_CODE,CURRENCY_NAME,CURRENCY_CODE) VALUES (166,'MMK','Kyat',104);
INSERT INTO APP_CURRENCY(ID,CURRENCY_ALPHANUMERIC_CODE,CURRENCY_NAME,CURRENCY_CODE) VALUES (167,'NAD','Namibia Dollar',516);
INSERT INTO APP_CURRENCY(ID,CURRENCY_ALPHANUMERIC_CODE,CURRENCY_NAME,CURRENCY_CODE) VALUES (170,'NPR','Nepalese Rupee',524);
INSERT INTO APP_CURRENCY(ID,CURRENCY_ALPHANUMERIC_CODE,CURRENCY_NAME,CURRENCY_CODE) VALUES (174,'NIO','Cordoba Oro',558);
INSERT INTO APP_CURRENCY(ID,CURRENCY_ALPHANUMERIC_CODE,CURRENCY_NAME,CURRENCY_CODE) VALUES (176,'NGN','Naira',566);
INSERT INTO APP_CURRENCY(ID,CURRENCY_ALPHANUMERIC_CODE,CURRENCY_NAME,CURRENCY_CODE) VALUES (181,'OMR','Rial Omani',512);
INSERT INTO APP_CURRENCY(ID,CURRENCY_ALPHANUMERIC_CODE,CURRENCY_NAME,CURRENCY_CODE) VALUES (182,'PKR','Pakistan Rupee',586);
INSERT INTO APP_CURRENCY(ID,CURRENCY_ALPHANUMERIC_CODE,CURRENCY_NAME,CURRENCY_CODE) VALUES (185,'PAB','Balboa',590);
INSERT INTO APP_CURRENCY(ID,CURRENCY_ALPHANUMERIC_CODE,CURRENCY_NAME,CURRENCY_CODE) VALUES (187,'PGK','Kina',598);
INSERT INTO APP_CURRENCY(ID,CURRENCY_ALPHANUMERIC_CODE,CURRENCY_NAME,CURRENCY_CODE) VALUES (188,'PYG','Guarani',600);
INSERT INTO APP_CURRENCY(ID,CURRENCY_ALPHANUMERIC_CODE,CURRENCY_NAME,CURRENCY_CODE) VALUES (189,'PEN','Sol',604);
INSERT INTO APP_CURRENCY(ID,CURRENCY_ALPHANUMERIC_CODE,CURRENCY_NAME,CURRENCY_CODE) VALUES (190,'PHP','Philippine Peso',608);
INSERT INTO APP_CURRENCY(ID,CURRENCY_ALPHANUMERIC_CODE,CURRENCY_NAME,CURRENCY_CODE) VALUES (192,'PLN','Zloty',985);
INSERT INTO APP_CURRENCY(ID,CURRENCY_ALPHANUMERIC_CODE,CURRENCY_NAME,CURRENCY_CODE) VALUES (195,'QAR','Qatari Rial',634);
INSERT INTO APP_CURRENCY(ID,CURRENCY_ALPHANUMERIC_CODE,CURRENCY_NAME,CURRENCY_CODE) VALUES (197,'RON','Romanian Leu',946);
INSERT INTO APP_CURRENCY(ID,CURRENCY_ALPHANUMERIC_CODE,CURRENCY_NAME,CURRENCY_CODE) VALUES (198,'RUB','Russian Ruble',643);
INSERT INTO APP_CURRENCY(ID,CURRENCY_ALPHANUMERIC_CODE,CURRENCY_NAME,CURRENCY_CODE) VALUES (199,'RWF','Rwanda Franc',646);
INSERT INTO APP_CURRENCY(ID,CURRENCY_ALPHANUMERIC_CODE,CURRENCY_NAME,CURRENCY_CODE) VALUES (201,'SHP','Saint Helena Pound',654);
INSERT INTO APP_CURRENCY(ID,CURRENCY_ALPHANUMERIC_CODE,CURRENCY_NAME,CURRENCY_CODE) VALUES (207,'WST','Tala',882);
INSERT INTO APP_CURRENCY(ID,CURRENCY_ALPHANUMERIC_CODE,CURRENCY_NAME,CURRENCY_CODE) VALUES (209,'STN','Dobra',930);
INSERT INTO APP_CURRENCY(ID,CURRENCY_ALPHANUMERIC_CODE,CURRENCY_NAME,CURRENCY_CODE) VALUES (210,'SAR','Saudi Riyal',682);
INSERT INTO APP_CURRENCY(ID,CURRENCY_ALPHANUMERIC_CODE,CURRENCY_NAME,CURRENCY_CODE) VALUES (212,'RSD','Serbian Dinar',941);
INSERT INTO APP_CURRENCY(ID,CURRENCY_ALPHANUMERIC_CODE,CURRENCY_NAME,CURRENCY_CODE) VALUES (213,'SCR','Seychelles Rupee',690);
INSERT INTO APP_CURRENCY(ID,CURRENCY_ALPHANUMERIC_CODE,CURRENCY_NAME,CURRENCY_CODE) VALUES (214,'SLL','Leone',694);
INSERT INTO APP_CURRENCY(ID,CURRENCY_ALPHANUMERIC_CODE,CURRENCY_NAME,CURRENCY_CODE) VALUES (215,'SGD','Singapore Dollar',702);
INSERT INTO APP_CURRENCY(ID,CURRENCY_ALPHANUMERIC_CODE,CURRENCY_NAME,CURRENCY_CODE) VALUES (217,'XSU','Sucre',994);
INSERT INTO APP_CURRENCY(ID,CURRENCY_ALPHANUMERIC_CODE,CURRENCY_NAME,CURRENCY_CODE) VALUES (220,'SBD','Solomon Islands Dollar',90);
INSERT INTO APP_CURRENCY(ID,CURRENCY_ALPHANUMERIC_CODE,CURRENCY_NAME,CURRENCY_CODE) VALUES (221,'SOS','Somali Shilling',706);
INSERT INTO APP_CURRENCY(ID,CURRENCY_ALPHANUMERIC_CODE,CURRENCY_NAME,CURRENCY_CODE) VALUES (224,'SSP','South Sudanese Pound',728);
INSERT INTO APP_CURRENCY(ID,CURRENCY_ALPHANUMERIC_CODE,CURRENCY_NAME,CURRENCY_CODE) VALUES (226,'LKR','Sri Lanka Rupee',144);
INSERT INTO APP_CURRENCY(ID,CURRENCY_ALPHANUMERIC_CODE,CURRENCY_NAME,CURRENCY_CODE) VALUES (227,'SDG','Sudanese Pound',938);
INSERT INTO APP_CURRENCY(ID,CURRENCY_ALPHANUMERIC_CODE,CURRENCY_NAME,CURRENCY_CODE) VALUES (228,'SRD','Surinam Dollar',968);
INSERT INTO APP_CURRENCY(ID,CURRENCY_ALPHANUMERIC_CODE,CURRENCY_NAME,CURRENCY_CODE) VALUES (230,'SEK','Swedish Krona',752);
INSERT INTO APP_CURRENCY(ID,CURRENCY_ALPHANUMERIC_CODE,CURRENCY_NAME,CURRENCY_CODE) VALUES (232,'CHE','WIR Euro',947);
INSERT INTO APP_CURRENCY(ID,CURRENCY_ALPHANUMERIC_CODE,CURRENCY_NAME,CURRENCY_CODE) VALUES (233,'CHW','WIR Franc',948);
INSERT INTO APP_CURRENCY(ID,CURRENCY_ALPHANUMERIC_CODE,CURRENCY_NAME,CURRENCY_CODE) VALUES (234,'SYP','Syrian Pound',760);
INSERT INTO APP_CURRENCY(ID,CURRENCY_ALPHANUMERIC_CODE,CURRENCY_NAME,CURRENCY_CODE) VALUES (235,'TWD','New Taiwan Dollar',901);
INSERT INTO APP_CURRENCY(ID,CURRENCY_ALPHANUMERIC_CODE,CURRENCY_NAME,CURRENCY_CODE) VALUES (236,'TJS','Somoni',972);
INSERT INTO APP_CURRENCY(ID,CURRENCY_ALPHANUMERIC_CODE,CURRENCY_NAME,CURRENCY_CODE) VALUES (237,'TZS','Tanzanian Shilling',834);
INSERT INTO APP_CURRENCY(ID,CURRENCY_ALPHANUMERIC_CODE,CURRENCY_NAME,CURRENCY_CODE) VALUES (238,'THB','Baht',764);
INSERT INTO APP_CURRENCY(ID,CURRENCY_ALPHANUMERIC_CODE,CURRENCY_NAME,CURRENCY_CODE) VALUES (242,'TOP','Pa''anga',776);
INSERT INTO APP_CURRENCY(ID,CURRENCY_ALPHANUMERIC_CODE,CURRENCY_NAME,CURRENCY_CODE) VALUES (243,'TTD','Trinidad and Tobago Dollar',780);
INSERT INTO APP_CURRENCY(ID,CURRENCY_ALPHANUMERIC_CODE,CURRENCY_NAME,CURRENCY_CODE) VALUES (244,'TND','Tunisian Dinar',788);
INSERT INTO APP_CURRENCY(ID,CURRENCY_ALPHANUMERIC_CODE,CURRENCY_NAME,CURRENCY_CODE) VALUES (245,'TRY','Turkish Lira',949);
INSERT INTO APP_CURRENCY(ID,CURRENCY_ALPHANUMERIC_CODE,CURRENCY_NAME,CURRENCY_CODE) VALUES (246,'TMT','Turkmenistan New Manat',934);
INSERT INTO APP_CURRENCY(ID,CURRENCY_ALPHANUMERIC_CODE,CURRENCY_NAME,CURRENCY_CODE) VALUES (249,'UGX','Uganda Shilling',800);
INSERT INTO APP_CURRENCY(ID,CURRENCY_ALPHANUMERIC_CODE,CURRENCY_NAME,CURRENCY_CODE) VALUES (250,'UAH','Hryvnia',980);
INSERT INTO APP_CURRENCY(ID,CURRENCY_ALPHANUMERIC_CODE,CURRENCY_NAME,CURRENCY_CODE) VALUES (251,'AED','UAE Dirham',784);
INSERT INTO APP_CURRENCY(ID,CURRENCY_ALPHANUMERIC_CODE,CURRENCY_NAME,CURRENCY_CODE) VALUES (255,'USN','US Dollar (Next day)',997);
INSERT INTO APP_CURRENCY(ID,CURRENCY_ALPHANUMERIC_CODE,CURRENCY_NAME,CURRENCY_CODE) VALUES (256,'UYU','Peso Uruguayo',858);
INSERT INTO APP_CURRENCY(ID,CURRENCY_ALPHANUMERIC_CODE,CURRENCY_NAME,CURRENCY_CODE) VALUES (257,'UYI','Uruguay Peso en Unidades Indexadas (UI)',940);
INSERT INTO APP_CURRENCY(ID,CURRENCY_ALPHANUMERIC_CODE,CURRENCY_NAME,CURRENCY_CODE) VALUES (258,'UYW','Unidad Previsional',927);
INSERT INTO APP_CURRENCY(ID,CURRENCY_ALPHANUMERIC_CODE,CURRENCY_NAME,CURRENCY_CODE) VALUES (259,'UZS','Uzbekistan Sum',860);
INSERT INTO APP_CURRENCY(ID,CURRENCY_ALPHANUMERIC_CODE,CURRENCY_NAME,CURRENCY_CODE) VALUES (260,'VUV','Vatu',548);
INSERT INTO APP_CURRENCY(ID,CURRENCY_ALPHANUMERIC_CODE,CURRENCY_NAME,CURRENCY_CODE) VALUES (261,'VES','Bolívar Soberano',928);
INSERT INTO APP_CURRENCY(ID,CURRENCY_ALPHANUMERIC_CODE,CURRENCY_NAME,CURRENCY_CODE) VALUES (262,'VND','Dong',704);
INSERT INTO APP_CURRENCY(ID,CURRENCY_ALPHANUMERIC_CODE,CURRENCY_NAME,CURRENCY_CODE) VALUES (267,'YER','Yemeni Rial',886);
INSERT INTO APP_CURRENCY(ID,CURRENCY_ALPHANUMERIC_CODE,CURRENCY_NAME,CURRENCY_CODE) VALUES (268,'ZMW','Zambian Kwacha',967);
INSERT INTO APP_CURRENCY(ID,CURRENCY_ALPHANUMERIC_CODE,CURRENCY_NAME,CURRENCY_CODE) VALUES (269,'ZWL','Zimbabwe Dollar',932);
INSERT INTO APP_CURRENCY(ID,CURRENCY_ALPHANUMERIC_CODE,CURRENCY_NAME,CURRENCY_CODE) VALUES (270,'XBA','Bond Markets Unit European Composite Unit (EURCO)',955);
INSERT INTO APP_CURRENCY(ID,CURRENCY_ALPHANUMERIC_CODE,CURRENCY_NAME,CURRENCY_CODE) VALUES (271,'XBB','Bond Markets Unit European Monetary Unit (E.M.U.-6)',956);
INSERT INTO APP_CURRENCY(ID,CURRENCY_ALPHANUMERIC_CODE,CURRENCY_NAME,CURRENCY_CODE) VALUES (272,'XBC','Bond Markets Unit European Unit of Account 9 (E.U.A.-9)',957);
INSERT INTO APP_CURRENCY(ID,CURRENCY_ALPHANUMERIC_CODE,CURRENCY_NAME,CURRENCY_CODE) VALUES (273,'XBD','Bond Markets Unit European Unit of Account 17 (E.U.A.-17)',958);
INSERT INTO APP_CURRENCY(ID,CURRENCY_ALPHANUMERIC_CODE,CURRENCY_NAME,CURRENCY_CODE) VALUES (274,'XTS','Codes specifically reserved for testing purposes',963);
INSERT INTO APP_CURRENCY(ID,CURRENCY_ALPHANUMERIC_CODE,CURRENCY_NAME,CURRENCY_CODE) VALUES (275,'XXX','The codes assigned for transactions where no currency is involved',999);
INSERT INTO APP_CURRENCY(ID,CURRENCY_ALPHANUMERIC_CODE,CURRENCY_NAME,CURRENCY_CODE) VALUES (276,'XAU','Gold',959);
INSERT INTO APP_CURRENCY(ID,CURRENCY_ALPHANUMERIC_CODE,CURRENCY_NAME,CURRENCY_CODE) VALUES (277,'XPD','Palladium',964);
INSERT INTO APP_CURRENCY(ID,CURRENCY_ALPHANUMERIC_CODE,CURRENCY_NAME,CURRENCY_CODE) VALUES (278,'XPT','Platinum',962);
INSERT INTO APP_CURRENCY(ID,CURRENCY_ALPHANUMERIC_CODE,CURRENCY_NAME,CURRENCY_CODE) VALUES (279,'XAG','Silver',961);
INSERT INTO APP_CURRENCY(ID,CURRENCY_ALPHANUMERIC_CODE,CURRENCY_NAME,CURRENCY_CODE) VALUES (280,'AFA','Afghani',4);
INSERT INTO APP_CURRENCY(ID,CURRENCY_ALPHANUMERIC_CODE,CURRENCY_NAME,CURRENCY_CODE) VALUES (281,'FIM','Markka',246);
INSERT INTO APP_CURRENCY(ID,CURRENCY_ALPHANUMERIC_CODE,CURRENCY_NAME,CURRENCY_CODE) VALUES (283,'ADP','Andorran Peseta',20);
INSERT INTO APP_CURRENCY(ID,CURRENCY_ALPHANUMERIC_CODE,CURRENCY_NAME,CURRENCY_CODE) VALUES (284,'ESP','Spanish Peseta',724);
INSERT INTO APP_CURRENCY(ID,CURRENCY_ALPHANUMERIC_CODE,CURRENCY_NAME,CURRENCY_CODE) VALUES (285,'FRF','French Franc',250);
INSERT INTO APP_CURRENCY(ID,CURRENCY_ALPHANUMERIC_CODE,CURRENCY_NAME,CURRENCY_CODE) VALUES (286,'AOK','Kwanza',24);
INSERT INTO APP_CURRENCY(ID,CURRENCY_ALPHANUMERIC_CODE,CURRENCY_NAME,CURRENCY_CODE) VALUES (288,'AOR','Kwanza Reajustado',982);
INSERT INTO APP_CURRENCY(ID,CURRENCY_ALPHANUMERIC_CODE,CURRENCY_NAME,CURRENCY_CODE) VALUES (292,'RUR','Russian Ruble',810);
INSERT INTO APP_CURRENCY(ID,CURRENCY_ALPHANUMERIC_CODE,CURRENCY_NAME,CURRENCY_CODE) VALUES (293,'ATS','Schilling',40);
INSERT INTO APP_CURRENCY(ID,CURRENCY_ALPHANUMERIC_CODE,CURRENCY_NAME,CURRENCY_CODE) VALUES (294,'AYM','Azerbaijan Manat',945);
INSERT INTO APP_CURRENCY(ID,CURRENCY_ALPHANUMERIC_CODE,CURRENCY_NAME,CURRENCY_CODE) VALUES (295,'AZM','Azerbaijanian Manat',31);
INSERT INTO APP_CURRENCY(ID,CURRENCY_ALPHANUMERIC_CODE,CURRENCY_NAME,CURRENCY_CODE) VALUES (297,'BYB','Belarusian Ruble',112);
INSERT INTO APP_CURRENCY(ID,CURRENCY_ALPHANUMERIC_CODE,CURRENCY_NAME,CURRENCY_CODE) VALUES (298,'BYR','Belarusian Ruble',974);
INSERT INTO APP_CURRENCY(ID,CURRENCY_ALPHANUMERIC_CODE,CURRENCY_NAME,CURRENCY_CODE) VALUES (300,'BEC','Convertible Franc',993);
INSERT INTO APP_CURRENCY(ID,CURRENCY_ALPHANUMERIC_CODE,CURRENCY_NAME,CURRENCY_CODE) VALUES (301,'BEF','Belgian Franc',56);
INSERT INTO APP_CURRENCY(ID,CURRENCY_ALPHANUMERIC_CODE,CURRENCY_NAME,CURRENCY_CODE) VALUES (302,'BEL','Financial Franc',992);
INSERT INTO APP_CURRENCY(ID,CURRENCY_ALPHANUMERIC_CODE,CURRENCY_NAME,CURRENCY_CODE) VALUES (304,'BAD','Dinar',70);
INSERT INTO APP_CURRENCY(ID,CURRENCY_ALPHANUMERIC_CODE,CURRENCY_NAME,CURRENCY_CODE) VALUES (305,'BRB','Cruzeiro',76);
INSERT INTO APP_CURRENCY(ID,CURRENCY_ALPHANUMERIC_CODE,CURRENCY_NAME,CURRENCY_CODE) VALUES (309,'BRR','Cruzeiro Real',987);
INSERT INTO APP_CURRENCY(ID,CURRENCY_ALPHANUMERIC_CODE,CURRENCY_NAME,CURRENCY_CODE) VALUES (310,'BGJ','Lev A/52',100);
INSERT INTO APP_CURRENCY(ID,CURRENCY_ALPHANUMERIC_CODE,CURRENCY_NAME,CURRENCY_CODE) VALUES (316,'CYP','Cyprus Pound',196);
INSERT INTO APP_CURRENCY(ID,CURRENCY_ALPHANUMERIC_CODE,CURRENCY_NAME,CURRENCY_CODE) VALUES (318,'CSK','Koruna',200);
INSERT INTO APP_CURRENCY(ID,CURRENCY_ALPHANUMERIC_CODE,CURRENCY_NAME,CURRENCY_CODE) VALUES (319,'ECS','Sucre',218);
INSERT INTO APP_CURRENCY(ID,CURRENCY_ALPHANUMERIC_CODE,CURRENCY_NAME,CURRENCY_CODE) VALUES (320,'ECV','Unidad de Valor Constante (UVC)',983);
INSERT INTO APP_CURRENCY(ID,CURRENCY_ALPHANUMERIC_CODE,CURRENCY_NAME,CURRENCY_CODE) VALUES (321,'GQE','Ekwele',226);
INSERT INTO APP_CURRENCY(ID,CURRENCY_ALPHANUMERIC_CODE,CURRENCY_NAME,CURRENCY_CODE) VALUES (322,'EEK','Kroon',233);
INSERT INTO APP_CURRENCY(ID,CURRENCY_ALPHANUMERIC_CODE,CURRENCY_NAME,CURRENCY_CODE) VALUES (323,'XEU','European Currency Unit (E.C.U)',954);
INSERT INTO APP_CURRENCY(ID,CURRENCY_ALPHANUMERIC_CODE,CURRENCY_NAME,CURRENCY_CODE) VALUES (328,'GEK','Georgian Coupon',268);
INSERT INTO APP_CURRENCY(ID,CURRENCY_ALPHANUMERIC_CODE,CURRENCY_NAME,CURRENCY_CODE) VALUES (330,'DDM','Mark der DDR',278);
INSERT INTO APP_CURRENCY(ID,CURRENCY_ALPHANUMERIC_CODE,CURRENCY_NAME,CURRENCY_CODE) VALUES (331,'DEM','Deutsche Mark',276);
INSERT INTO APP_CURRENCY(ID,CURRENCY_ALPHANUMERIC_CODE,CURRENCY_NAME,CURRENCY_CODE) VALUES (332,'GHC','Cedi',288);
INSERT INTO APP_CURRENCY(ID,CURRENCY_ALPHANUMERIC_CODE,CURRENCY_NAME,CURRENCY_CODE) VALUES (333,'GHP','Ghana Cedi',939);
INSERT INTO APP_CURRENCY(ID,CURRENCY_ALPHANUMERIC_CODE,CURRENCY_NAME,CURRENCY_CODE) VALUES (334,'GRD','Drachma',300);
INSERT INTO APP_CURRENCY(ID,CURRENCY_ALPHANUMERIC_CODE,CURRENCY_NAME,CURRENCY_CODE) VALUES (338,'GWE','Guinea Escudo',624);
INSERT INTO APP_CURRENCY(ID,CURRENCY_ALPHANUMERIC_CODE,CURRENCY_NAME,CURRENCY_CODE) VALUES (340,'ITL','Italian Lira',380);
INSERT INTO APP_CURRENCY(ID,CURRENCY_ALPHANUMERIC_CODE,CURRENCY_NAME,CURRENCY_CODE) VALUES (342,'IEP','Irish Pound',372);
INSERT INTO APP_CURRENCY(ID,CURRENCY_ALPHANUMERIC_CODE,CURRENCY_NAME,CURRENCY_CODE) VALUES (349,'LVL','Latvian Lats',428);
INSERT INTO APP_CURRENCY(ID,CURRENCY_ALPHANUMERIC_CODE,CURRENCY_NAME,CURRENCY_CODE) VALUES (352,'ZAL','Financial Rand',991);
INSERT INTO APP_CURRENCY(ID,CURRENCY_ALPHANUMERIC_CODE,CURRENCY_NAME,CURRENCY_CODE) VALUES (353,'LTL','Lithuanian Litas',440);
INSERT INTO APP_CURRENCY(ID,CURRENCY_ALPHANUMERIC_CODE,CURRENCY_NAME,CURRENCY_CODE) VALUES (355,'LUC','Luxembourg Convertible Franc',989);
INSERT INTO APP_CURRENCY(ID,CURRENCY_ALPHANUMERIC_CODE,CURRENCY_NAME,CURRENCY_CODE) VALUES (356,'LUF','Luxembourg Franc',442);
INSERT INTO APP_CURRENCY(ID,CURRENCY_ALPHANUMERIC_CODE,CURRENCY_NAME,CURRENCY_CODE) VALUES (357,'LUL','Luxembourg Financial Franc',988);
INSERT INTO APP_CURRENCY(ID,CURRENCY_ALPHANUMERIC_CODE,CURRENCY_NAME,CURRENCY_CODE) VALUES (358,'MGF','Malagasy Franc',450);
INSERT INTO APP_CURRENCY(ID,CURRENCY_ALPHANUMERIC_CODE,CURRENCY_NAME,CURRENCY_CODE) VALUES (361,'MLF','Mali Franc',466);
INSERT INTO APP_CURRENCY(ID,CURRENCY_ALPHANUMERIC_CODE,CURRENCY_NAME,CURRENCY_CODE) VALUES (362,'MTL','Maltese Lira',470);
INSERT INTO APP_CURRENCY(ID,CURRENCY_ALPHANUMERIC_CODE,CURRENCY_NAME,CURRENCY_CODE) VALUES (365,'MRO','Ouguiya',478);
INSERT INTO APP_CURRENCY(ID,CURRENCY_ALPHANUMERIC_CODE,CURRENCY_NAME,CURRENCY_CODE) VALUES (370,'MZE','Mozambique Escudo',508);
INSERT INTO APP_CURRENCY(ID,CURRENCY_ALPHANUMERIC_CODE,CURRENCY_NAME,CURRENCY_CODE) VALUES (372,'NLG','Netherlands Guilder',528);
INSERT INTO APP_CURRENCY(ID,CURRENCY_ALPHANUMERIC_CODE,CURRENCY_NAME,CURRENCY_CODE) VALUES (379,'PLZ','Zloty',616);
INSERT INTO APP_CURRENCY(ID,CURRENCY_ALPHANUMERIC_CODE,CURRENCY_NAME,CURRENCY_CODE) VALUES (380,'PTE','Portuguese Escudo',620);
INSERT INTO APP_CURRENCY(ID,CURRENCY_ALPHANUMERIC_CODE,CURRENCY_NAME,CURRENCY_CODE) VALUES (382,'ROK','Leu A/52',642);
INSERT INTO APP_CURRENCY(ID,CURRENCY_ALPHANUMERIC_CODE,CURRENCY_NAME,CURRENCY_CODE) VALUES (390,'STD','Dobra',678);
INSERT INTO APP_CURRENCY(ID,CURRENCY_ALPHANUMERIC_CODE,CURRENCY_NAME,CURRENCY_CODE) VALUES (391,'CSD','Serbian Dinar',891);
INSERT INTO APP_CURRENCY(ID,CURRENCY_ALPHANUMERIC_CODE,CURRENCY_NAME,CURRENCY_CODE) VALUES (393,'SKK','Slovak Koruna',703);
INSERT INTO APP_CURRENCY(ID,CURRENCY_ALPHANUMERIC_CODE,CURRENCY_NAME,CURRENCY_CODE) VALUES (394,'SIT','Tolar',705);
INSERT INTO APP_CURRENCY(ID,CURRENCY_ALPHANUMERIC_CODE,CURRENCY_NAME,CURRENCY_CODE) VALUES (397,'RHD','Rhodesian Dollar',716);
INSERT INTO APP_CURRENCY(ID,CURRENCY_ALPHANUMERIC_CODE,CURRENCY_NAME,CURRENCY_CODE) VALUES (398,'ESA','Spanish Peseta',996);
INSERT INTO APP_CURRENCY(ID,CURRENCY_ALPHANUMERIC_CODE,CURRENCY_NAME,CURRENCY_CODE) VALUES (399,'ESB','A" Account (convertible Peseta Account)"',995);
INSERT INTO APP_CURRENCY(ID,CURRENCY_ALPHANUMERIC_CODE,CURRENCY_NAME,CURRENCY_CODE) VALUES (401,'SDD','Sudanese Dinar',736);
INSERT INTO APP_CURRENCY(ID,CURRENCY_ALPHANUMERIC_CODE,CURRENCY_NAME,CURRENCY_CODE) VALUES (403,'SRG','Surinam Guilder',740);
INSERT INTO APP_CURRENCY(ID,CURRENCY_ALPHANUMERIC_CODE,CURRENCY_NAME,CURRENCY_CODE) VALUES (407,'TJR','Tajik Ruble',762);
INSERT INTO APP_CURRENCY(ID,CURRENCY_ALPHANUMERIC_CODE,CURRENCY_NAME,CURRENCY_CODE) VALUES (409,'TPE','Timor Escudo',626);
INSERT INTO APP_CURRENCY(ID,CURRENCY_ALPHANUMERIC_CODE,CURRENCY_NAME,CURRENCY_CODE) VALUES (410,'TRL','Old Turkish Lira',792);
INSERT INTO APP_CURRENCY(ID,CURRENCY_ALPHANUMERIC_CODE,CURRENCY_NAME,CURRENCY_CODE) VALUES (413,'TMM','Turkmenistan Manat',795);
INSERT INTO APP_CURRENCY(ID,CURRENCY_ALPHANUMERIC_CODE,CURRENCY_NAME,CURRENCY_CODE) VALUES (416,'UAK','Karbovanet',804);
INSERT INTO APP_CURRENCY(ID,CURRENCY_ALPHANUMERIC_CODE,CURRENCY_NAME,CURRENCY_CODE) VALUES (418,'USS','US Dollar (Same day)',998);
INSERT INTO APP_CURRENCY(ID,CURRENCY_ALPHANUMERIC_CODE,CURRENCY_NAME,CURRENCY_CODE) VALUES (422,'VEB','Bolivar',862);
INSERT INTO APP_CURRENCY(ID,CURRENCY_ALPHANUMERIC_CODE,CURRENCY_NAME,CURRENCY_CODE) VALUES (423,'VEF','Bolivar Fuerte',937);
INSERT INTO APP_CURRENCY(ID,CURRENCY_ALPHANUMERIC_CODE,CURRENCY_NAME,CURRENCY_CODE) VALUES (427,'YDD','Yemeni Dinar',720);
INSERT INTO APP_CURRENCY(ID,CURRENCY_ALPHANUMERIC_CODE,CURRENCY_NAME,CURRENCY_CODE) VALUES (428,'YUD','New Yugoslavian Dinar',890);
INSERT INTO APP_CURRENCY(ID,CURRENCY_ALPHANUMERIC_CODE,CURRENCY_NAME,CURRENCY_CODE) VALUES (431,'ZRN','New Zaire',180);
INSERT INTO APP_CURRENCY(ID,CURRENCY_ALPHANUMERIC_CODE,CURRENCY_NAME,CURRENCY_CODE) VALUES (433,'ZMK','Zambian Kwacha',894);
INSERT INTO APP_CURRENCY(ID,CURRENCY_ALPHANUMERIC_CODE,CURRENCY_NAME,CURRENCY_CODE) VALUES (437,'ZWN','Zimbabwe Dollar (new)',942);
INSERT INTO APP_CURRENCY(ID,CURRENCY_ALPHANUMERIC_CODE,CURRENCY_NAME,CURRENCY_CODE) VALUES (438,'ZWR','Zimbabwe Dollar',935);


-- USE DB_BOOKING;

-- APP LANGUAGES
INSERT INTO APP_LANGUAGE(ID, LANG) VALUES(1, 'ES'); # SPANISH
INSERT INTO APP_LANGUAGE(ID, LANG) VALUES(2, 'EN'); # ENGLISH
INSERT INTO APP_LANGUAGE(ID, LANG) VALUES(3, 'IT'); # ITALIAN

-- APP PRICING PLANS

-- CREATE ALL PLANS FEATURES
INSERT INTO PLAN_FEATURE(ID, DETAIL) VALUES(1, 'Panel de administración');
INSERT INTO PLAN_FEATURE(ID, DETAIL) VALUES(2, 'Contabilidad');
INSERT INTO PLAN_FEATURE(ID, DETAIL) VALUES(3, 'Sistema de reservas');
INSERT INTO PLAN_FEATURE(ID, DETAIL) VALUES(4, 'Soporte técnico');
INSERT INTO PLAN_FEATURE(ID, DETAIL) VALUES(5, 'Soporte técnico premium');
INSERT INTO PLAN_FEATURE(ID, DETAIL) VALUES(6, 'Soporte telefónico');
INSERT INTO PLAN_FEATURE(ID, DETAIL) VALUES(7, 'Creación códigos promocionales');
INSERT INTO PLAN_FEATURE(ID, DETAIL) VALUES(8, 'Gestión de clientes');

-- PLAN NUM.1 - STARTER PLAN - PAY ONCE A YEAR (PRICE PER MONTH)
INSERT INTO APP_PLAN(ID, PLAN_TYPE, PRICE) VALUES(1, 'YEAR', 15.99);

INSERT INTO PLAN_FEATURE_APP_PLAN(ID_PLAN, ID_PLAN_FEATURE) VALUES(1, 1);
INSERT INTO PLAN_FEATURE_APP_PLAN(ID_PLAN, ID_PLAN_FEATURE) VALUES(1, 3);
INSERT INTO PLAN_FEATURE_APP_PLAN(ID_PLAN, ID_PLAN_FEATURE) VALUES(1, 4);
INSERT INTO PLAN_FEATURE_APP_PLAN(ID_PLAN, ID_PLAN_FEATURE) VALUES(1, 8);

-- PLAN NUM.2 - STARTER PLAN - MONTH (PRICE PER MONTH)
INSERT INTO APP_PLAN(ID, PLAN_TYPE, PRICE) VALUES(2, 'MONTH', 23.98);

INSERT INTO PLAN_FEATURE_APP_PLAN(ID_PLAN, ID_PLAN_FEATURE) VALUES(2, 1);
INSERT INTO PLAN_FEATURE_APP_PLAN(ID_PLAN, ID_PLAN_FEATURE) VALUES(2, 3);
INSERT INTO PLAN_FEATURE_APP_PLAN(ID_PLAN, ID_PLAN_FEATURE) VALUES(2, 4);
INSERT INTO PLAN_FEATURE_APP_PLAN(ID_PLAN, ID_PLAN_FEATURE) VALUES(2, 8);

-- PLAN NUM.3 - PROFESSIONAL PLAN - PAY ONCE A YEAR (PRICE PER MONTH)
INSERT INTO APP_PLAN(ID, PLAN_TYPE, PRICE) VALUES(3, 'YEAR', 23.98);

INSERT INTO PLAN_FEATURE_APP_PLAN(ID_PLAN, ID_PLAN_FEATURE) VALUES(3, 1);
INSERT INTO PLAN_FEATURE_APP_PLAN(ID_PLAN, ID_PLAN_FEATURE) VALUES(3, 2);
INSERT INTO PLAN_FEATURE_APP_PLAN(ID_PLAN, ID_PLAN_FEATURE) VALUES(3, 3);
INSERT INTO PLAN_FEATURE_APP_PLAN(ID_PLAN, ID_PLAN_FEATURE) VALUES(3, 5);
INSERT INTO PLAN_FEATURE_APP_PLAN(ID_PLAN, ID_PLAN_FEATURE) VALUES(3, 6);
INSERT INTO PLAN_FEATURE_APP_PLAN(ID_PLAN, ID_PLAN_FEATURE) VALUES(3, 7);
INSERT INTO PLAN_FEATURE_APP_PLAN(ID_PLAN, ID_PLAN_FEATURE) VALUES(3, 8);

-- PLAN NUM.4 - PROFESSIONAL PLAN - MONTH (PRICE PER MONTH)
INSERT INTO APP_PLAN(ID, PLAN_TYPE, PRICE) VALUES(4, 'MONTH', 35.98);

INSERT INTO PLAN_FEATURE_APP_PLAN(ID_PLAN, ID_PLAN_FEATURE) VALUES(4, 1);
INSERT INTO PLAN_FEATURE_APP_PLAN(ID_PLAN, ID_PLAN_FEATURE) VALUES(4, 2);
INSERT INTO PLAN_FEATURE_APP_PLAN(ID_PLAN, ID_PLAN_FEATURE) VALUES(4, 3);
INSERT INTO PLAN_FEATURE_APP_PLAN(ID_PLAN, ID_PLAN_FEATURE) VALUES(4, 5);
INSERT INTO PLAN_FEATURE_APP_PLAN(ID_PLAN, ID_PLAN_FEATURE) VALUES(4, 6);
INSERT INTO PLAN_FEATURE_APP_PLAN(ID_PLAN, ID_PLAN_FEATURE) VALUES(4, 7);
INSERT INTO PLAN_FEATURE_APP_PLAN(ID_PLAN, ID_PLAN_FEATURE) VALUES(4, 8);

-- SAMPLE USERS

-- NAME: Samuel
-- SURNAME: Cooper
-- EMAIL: samuel.cooper@gmail.com
-- PHONE: +34 773 893 743 
-- PASS: 1234 --> 03ac674216f3e15c761ee1a5e255f067953623c8b388b4459e13f978d7c846f4

-- >> HOST

-- CONFIGURATIONS

-- SPANISH - EUR
INSERT INTO USER_CONFIGURATION(ID, ID_APP_LANGUAGE, ID_CURRENCY) VALUES(1, 1, 2);

-- ENGLISH - 
INSERT INTO USER_CONFIGURATION(ID, ID_APP_LANGUAGE, ID_CURRENCY) VALUES(2, 2, 100);


-- BIO: ¡Me encanta viajar! Por ello, ofrezco no sólo un hogar en Granada a la gente que viene de fuera, sino que 
-- me encantará aconsejarles sobre los sitios más bonitos para pasear, mis bares o restaurantes favoritos, las 
-- vistas más bonitas de la ciudad,...
-- DIRECTION: C/ Canónigo Valiño, 28
-- LANGUAGES: SPANISH AND ENGLISH
-- VERIFIED: NO
-- PLAN: NUM.1
-- PASS: password1 --> $2a$04$GJ85Ihcglhbqac2zc3z3A.C3v55FMmN8.qGQ8FlNBCuyLtQ5/TyMO
INSERT INTO APP_USER(ID, UNAME, SURNAME, EMAIL, PHONE, PASS, ID_APP_CONFIGURATION) VALUES(1, 'Samuel', 'Cooper', 'samuel.cooper@gmail.com', '773893743 ', '$2a$04$GJ85Ihcglhbqac2zc3z3A.C3v55FMmN8.qGQ8FlNBCuyLtQ5/TyMO', 1);
INSERT INTO USER_HOST(ID, DNI, BIO, DIRECTION) VALUES(1, '15412808W', '¡Me encanta viajar! Por ello, ofrezco no sólo un hogar en Granada a la gente que viene de fuera, sino que me encantará aconsejarles sobre los sitios más bonitos para pasear, mis bares o restaurantes favoritos, las vistas más bonitas de la ciudad,...', 'C/ Canónigo Valiño, 28');
INSERT INTO HOST_LANGUAGE(ID_HOST, ID_LANG, IS_NATIVE) VALUES(1, 1, TRUE); # SPANISH
INSERT INTO HOST_LANGUAGE(ID_HOST, ID_LANG) VALUES(1, 2); # ENGLISH

INSERT INTO PLAN_SUBSCRIPTION(ID_PLAN, ID_USER) VALUES(1, 1);

-- NAME: Dana
-- SURNAME: Moreno
-- EMAIL: dana.moreno@gmail.com
-- PHONE: +34 680 745 322
-- PASS: hello --> $2a$12$QUek6cYr28DOEyiCElA95e0z6DzygeYL7ouf70.AA541Wh4LJPyfu
INSERT INTO APP_USER(ID, UNAME, SURNAME, EMAIL, PHONE, PASS, ID_APP_CONFIGURATION) VALUES(2, 'Dana', 'Moreno', 'dana.moreno@gmail.com', '680745322', '$2a$12$QUek6cYr28DOEyiCElA95e0z6DzygeYL7ouf70.AA541Wh4LJPyfu', 1);

-- NAME: Ardalion
-- SURNAME: Meza Ocampo
-- EMAIL: ardalion.mezao@gmail.com
-- PHONE: +34 720 671 778
-- PASS: ardalion --> $2a$12$jIDE.Hvw7itNBQwv6zxCWebjpEqoalGvN3jTfvTnXplpCjh4Xw/v2

-- >> HOST

-- BIO: Vivo en León con mi familia en una zona muy tranquila y muy cerca del centro de la ciudad (10min).
-- LANGUAGES: SPANISH

-- PLAN: NUM.4
INSERT INTO APP_USER(ID, UNAME, SURNAME, EMAIL, PHONE, PASS, ID_APP_CONFIGURATION) VALUES(3, 'Ardalion', 'Meza Ocampo', 'ardalion.mezao@gmail.com', '720671778', '$2a$12$jIDE.Hvw7itNBQwv6zxCWebjpEqoalGvN3jTfvTnXplpCjh4Xw/v2', 2);
INSERT INTO USER_HOST(ID, DNI, BIO, DIRECTION) VALUES(3, '14055845Q', 'Vivo en León con mi familia en una zona muy tranquila y muy cerca del centro de la ciudad (10min).', 'Avda/ Mariano Andrés, 120');
INSERT INTO HOST_LANGUAGE(ID_HOST, ID_LANG, IS_NATIVE) VALUES(3, 1, TRUE); # SPANISH

INSERT INTO PLAN_SUBSCRIPTION(ID_PLAN, ID_USER) VALUES(4, 3);

-- NAME: Marta
-- SURNAME: Soto Pérez
-- EMAIL: marta.sotop@gmail.com
-- PHONE: +34 664 889 909
-- PASS: tY1uU#%79hMv --> $2a$12$hkP/e2Y2VqkTwq3Dg0sQDOCo950lxE/zMap5Joq5YdBxDNCxX4zYu

-- >> HOST

-- BIO:
-- LANGUAGES: SPANISH AND ITALIAN
-- VERIFIED: YES

-- PLAN: NUM.3
INSERT INTO APP_USER(ID, UNAME, SURNAME, EMAIL, PHONE, PASS, ID_APP_CONFIGURATION) VALUES(4, 'Marta', 'Soto Pérez', 'marta.sotop@gmail.com', '664889909', '$2a$12$hkP/e2Y2VqkTwq3Dg0sQDOCo950lxE/zMap5Joq5YdBxDNCxX4zYu', 1);
INSERT INTO USER_HOST(ID, DNI, DIRECTION) VALUES(4, '10081139D', 'Avda/ de Europa 2');
INSERT INTO HOST_LANGUAGE(ID_HOST, ID_LANG, IS_NATIVE) VALUES(4, 1, TRUE); # SPANISH
INSERT INTO HOST_LANGUAGE(ID_HOST, ID_LANG) VALUES(4, 3); # ITALIAN

INSERT INTO PLAN_SUBSCRIPTION(ID_PLAN, ID_USER) VALUES(3, 4);

-- NAME: Antonio
-- SURNAME: Rodríguez Fernández
-- EMAIL: antonio.rodfer@gmail.com
-- PHONE: +34 757 791 565
-- PASS: Antonio1234* --> $2a$12$v3JFeMwVSLtQg3WsbNVIHe67ecIPqpdra.YK5dQiAVThXxIH8M55C
INSERT INTO APP_USER(ID, UNAME, SURNAME, EMAIL, PHONE, PASS, ID_APP_CONFIGURATION) VALUES(5, 'Antonio', 'Rodríguez Fernández', 'antonio.rodfer@gmail.com', '757791565', '$2a$12$v3JFeMwVSLtQg3WsbNVIHe67ecIPqpdra.YK5dQiAVThXxIH8M55C', 1);

-- NAME: Marina 
-- SURNAME: Riojas Sarabia
-- EMAIL: marina22.rodsar@gmail.com
-- PHONE: +34 648 773 354
-- PASS: RioMi22230*$ --> $2a$12$SrqfKU60SsBhPRIucQiKAOmNzTwWJeYXOrbuM2HMB0aOfd15pSC32
INSERT INTO APP_USER(ID, UNAME, SURNAME, EMAIL, PHONE, PASS, ID_APP_CONFIGURATION) VALUES(6, 'Marina', 'Riojas Sarabia', 'marina22.rodsar@gmail.com', '648773354', '$2a$12$SrqfKU60SsBhPRIucQiKAOmNzTwWJeYXOrbuM2HMB0aOfd15pSC32', 2);

-- USUARIO ADMIN
-- PASS: Cqc3MHB#aJbo!lr# --> $2a$12$sOsCaNg4.OEwsF515ESzeeXoYASgruL8rMznrZi7hVx6OkjWegR2u
INSERT INTO APP_USER(ID, UNAME, SURNAME, EMAIL, PHONE, PASS) VALUES(7, 'administrator', 'administrator', 'admin@leoncamp.es', '000000000', '$2a$12$sOsCaNg4.OEwsF515ESzeeXoYASgruL8rMznrZi7hVx6OkjWegR2u');

-- -------------
-- ACCOMODATIONS SERVICES
-- -------------
INSERT INTO ACCOMODATION_SERVICE(ID, DENOMINATION) VALUES(1, 'Wifi');
INSERT INTO ACCOMODATION_SERVICE(ID, DENOMINATION) VALUES(2, 'Calefacción');
INSERT INTO ACCOMODATION_SERVICE(ID, DENOMINATION) VALUES(3, 'TV');
INSERT INTO ACCOMODATION_SERVICE(ID, DENOMINATION) VALUES(4, 'Ropa de cama');
INSERT INTO ACCOMODATION_SERVICE(ID, DENOMINATION) VALUES(5, 'Toallas');
INSERT INTO ACCOMODATION_SERVICE(ID, DENOMINATION) VALUES(6, 'Detector de humo');
INSERT INTO ACCOMODATION_SERVICE(ID, DENOMINATION) VALUES(7, 'Botiquín');
INSERT INTO ACCOMODATION_SERVICE(ID, DENOMINATION) VALUES(8, 'Desayuno');
INSERT INTO ACCOMODATION_SERVICE(ID, DENOMINATION) VALUES(9, 'Aparcamiento gratuito');
INSERT INTO ACCOMODATION_SERVICE(ID, DENOMINATION) VALUES(10, 'Aire acondicionado');
INSERT INTO ACCOMODATION_SERVICE(ID, DENOMINATION) VALUES(11, 'Agua caliente');
INSERT INTO ACCOMODATION_SERVICE(ID, DENOMINATION) VALUES(12, 'Secador de pelo');
INSERT INTO ACCOMODATION_SERVICE(ID, DENOMINATION) VALUES(13, 'Lavadora');
INSERT INTO ACCOMODATION_SERVICE(ID, DENOMINATION) VALUES(14, 'Plancha');
INSERT INTO ACCOMODATION_SERVICE(ID, DENOMINATION) VALUES(15, 'Vajilla');
INSERT INTO ACCOMODATION_SERVICE(ID, DENOMINATION) VALUES(16, 'Admite mascotas');
INSERT INTO ACCOMODATION_SERVICE(ID, DENOMINATION) VALUES(17, 'Apto para fumadores');
INSERT INTO ACCOMODATION_SERVICE(ID, DENOMINATION) VALUES(18, 'Cuna');
INSERT INTO ACCOMODATION_SERVICE(ID, DENOMINATION) VALUES(19, 'Productos de limpieza');
INSERT INTO ACCOMODATION_SERVICE(ID, DENOMINATION) VALUES(20, 'Microondas');
INSERT INTO ACCOMODATION_SERVICE(ID, DENOMINATION) VALUES(21, 'Cafetera');
INSERT INTO ACCOMODATION_SERVICE(ID, DENOMINATION) VALUES(22, 'Accesible a minusválidos');
INSERT INTO ACCOMODATION_SERVICE(ID, DENOMINATION) VALUES(23, 'Congelador');
INSERT INTO ACCOMODATION_SERVICE(ID, DENOMINATION) VALUES(24, 'Horno');
INSERT INTO ACCOMODATION_SERVICE(ID, DENOMINATION) VALUES(25, 'Lavavajillas');
INSERT INTO ACCOMODATION_SERVICE(ID, DENOMINATION) VALUES(26, 'Terraza / patio');
INSERT INTO ACCOMODATION_SERVICE(ID, DENOMINATION) VALUES(27, 'Ascensor');
INSERT INTO ACCOMODATION_SERVICE(ID, DENOMINATION) VALUES(28, 'Bañera de hidromasaje');
INSERT INTO ACCOMODATION_SERVICE(ID, DENOMINATION) VALUES(29, 'Piscina privada');
INSERT INTO ACCOMODATION_SERVICE(ID, DENOMINATION) VALUES(30, 'Piscina compartida');
INSERT INTO ACCOMODATION_SERVICE(ID, DENOMINATION) VALUES(31, 'Jardín');
INSERT INTO ACCOMODATION_SERVICE(ID, DENOMINATION) VALUES(32, 'Zona para trabajar / Oficina');


-- -------------
-- ACCOMODATION RULES
-- -------------
INSERT INTO ACCOMODATION_RULE(ID, RULE) VALUES(1, 'Prohibido fumar');
INSERT INTO ACCOMODATION_RULE(ID, RULE) VALUES(2, 'No se admiten mascotas');
INSERT INTO ACCOMODATION_RULE(ID, RULE) VALUES(3, 'Están totalmente prohibidas las fiestas y eventos');


-- -------------
-- ACCOMODATION CATEGORIES
-- -------------
INSERT INTO ACCOMODATION_CATEGORY(ID, ACC_CAT) VALUES(1, 'Apartamento');
INSERT INTO ACCOMODATION_CATEGORY(ID, ACC_CAT) VALUES(2, 'Loft');
INSERT INTO ACCOMODATION_CATEGORY(ID, ACC_CAT) VALUES(3, 'Chalet');
INSERT INTO ACCOMODATION_CATEGORY(ID, ACC_CAT) VALUES(4, 'Ático');
INSERT INTO ACCOMODATION_CATEGORY(ID, ACC_CAT) VALUES(5, 'Dúplex');
INSERT INTO ACCOMODATION_CATEGORY(ID, ACC_CAT) VALUES(6, 'Adosado');
INSERT INTO ACCOMODATION_CATEGORY(ID, ACC_CAT) VALUES(7, 'Estudio');

-- -------------
-- ACCOMODATIONS
-- -------------

-- ACCOMODATION NUM.1
-- NÚMERO DE REGISTRO: 0001234A
-- Nº CAMAS: 3
-- Nº BAÑOS: 1
-- Nº INVITADOS: 4
-- Nº HABITACIONES: 2
-- DIRECCIÓN. AVENIDA DE ROMA 3, LEÓN
-- CATEGORIA: APARTAMENTO
-- SUPERFICIE: 75 METROS CUADRADOS
-- PRECIO: 35€ / NOCHE
INSERT INTO ACCOMODATION_LOCATION(ID, LAT, LNG, DIRECTION, CITY, ZIP) VALUES(1, 42.59855643669309, -5.576348640183169, 'Av. de Roma, 3', 'León', 24001);
INSERT INTO ACCOMODATION(REG_NUM, ACC_DESCRIPTION, BEDS, NUM_BATHROOMS, NUM_BEDROOMS, PRICE_PER_NIGHT, GUESTS, AREA, ID_ACC_CATEGORY, ID_ACC_LOCATION, ID_USER_OWNER) VALUES('0001234A', 'El moderno apartamento cuenta con una habitación independiente con cama de matrimonio y tv. El salón tiene un sofá cama doble, tv y un agradable calefactor eléctrico led. Cocina totalmente equipada y utensilios básicos para cocinar. Baño amplio con ducha. Calefacción y wifi incluidos.
cuenta con un dormitorio con cama doble y televisor. La sala de estar cuenta con un sofá cama para 2 personas, televisor y un cómodo calentador eléctrico led. Cocina totalmente equipada. El baño tiene una ducha. Sistema de calefacción y WiFi incluido.'
, 3, 1, 2, 35, 4, 75, 1, 1, 1);

-- RULES
INSERT INTO ACCOMODATION_ACC_RULE(ID_ACC, ID_ACC_RULE) VALUES('0001234A', 1);
INSERT INTO ACCOMODATION_ACC_RULE(ID_ACC, ID_ACC_RULE) VALUES('0001234A', 2);
INSERT INTO ACCOMODATION_ACC_RULE(ID_ACC, ID_ACC_RULE) VALUES('0001234A', 3);

-- SERVICES
INSERT INTO ACCOMODATION_ACC_SERVICE(ID_ACC, ID_ACC_SERVICE) VALUES('0001234A', 1);
INSERT INTO ACCOMODATION_ACC_SERVICE(ID_ACC, ID_ACC_SERVICE) VALUES('0001234A', 2);
INSERT INTO ACCOMODATION_ACC_SERVICE(ID_ACC, ID_ACC_SERVICE) VALUES('0001234A', 3);
INSERT INTO ACCOMODATION_ACC_SERVICE(ID_ACC, ID_ACC_SERVICE) VALUES('0001234A', 4);
INSERT INTO ACCOMODATION_ACC_SERVICE(ID_ACC, ID_ACC_SERVICE) VALUES('0001234A', 5);
INSERT INTO ACCOMODATION_ACC_SERVICE(ID_ACC, ID_ACC_SERVICE) VALUES('0001234A', 11);
INSERT INTO ACCOMODATION_ACC_SERVICE(ID_ACC, ID_ACC_SERVICE) VALUES('0001234A', 12);
INSERT INTO ACCOMODATION_ACC_SERVICE(ID_ACC, ID_ACC_SERVICE) VALUES('0001234A', 13);
INSERT INTO ACCOMODATION_ACC_SERVICE(ID_ACC, ID_ACC_SERVICE) VALUES('0001234A', 19);
INSERT INTO ACCOMODATION_ACC_SERVICE(ID_ACC, ID_ACC_SERVICE) VALUES('0001234A', 20);
INSERT INTO ACCOMODATION_ACC_SERVICE(ID_ACC, ID_ACC_SERVICE) VALUES('0001234A', 21);
INSERT INTO ACCOMODATION_ACC_SERVICE(ID_ACC, ID_ACC_SERVICE) VALUES('0001234A', 23);
INSERT INTO ACCOMODATION_ACC_SERVICE(ID_ACC, ID_ACC_SERVICE) VALUES('0001234A', 25);
INSERT INTO ACCOMODATION_ACC_SERVICE(ID_ACC, ID_ACC_SERVICE) VALUES('0001234A', 32);

-- ACCOMODATION IMAGES
INSERT INTO ACCOMODATION_IMAGE(ID, IMG_URL) VALUES(1, 'https://images.unsplash.com/photo-1553444836-bc6c8d340ba7?ixlib=rb-1.2.1&ixid=MnwxMjA3fDB8MHxwaG90by1wYWdlfHx8fGVufDB8fHx8&auto=format&fit=crop&w=1169&q=80');
INSERT INTO ACCOMODATION_IMAGE(ID, IMG_URL) VALUES(2, 'https://images.unsplash.com/photo-1522771739844-6a9f6d5f14af?ixlib=rb-1.2.1&ixid=MnwxMjA3fDB8MHxwaG90by1wYWdlfHx8fGVufDB8fHx8&auto=format&fit=crop&w=1171&q=80');
INSERT INTO ACCOMODATION_IMAGE(ID, IMG_URL) VALUES(3, 'https://images.unsplash.com/photo-1523755231516-e43fd2e8dca5?ixlib=rb-1.2.1&ixid=MnwxMjA3fDB8MHxwaG90by1wYWdlfHx8fGVufDB8fHx8&auto=format&fit=crop&w=735&q=80');
INSERT INTO ACCOMODATION_IMAGE(ID, IMG_URL) VALUES(4, 'https://images.unsplash.com/photo-1493663284031-b7e3aefcae8e?ixlib=rb-1.2.1&ixid=MnwxMjA3fDB8MHxwaG90by1wYWdlfHx8fGVufDB8fHx8&auto=format&fit=crop&w=1170&q=80');
INSERT INTO ACCOMODATION_IMAGE(ID, IMG_URL) VALUES(5, 'https://images.unsplash.com/photo-1553444859-788c4b385b13?ixlib=rb-1.2.1&ixid=MnwxMjA3fDB8MHxwaG90by1wYWdlfHx8fGVufDB8fHx8&auto=format&fit=crop&w=1169&q=80');

INSERT INTO ACCOMODATION_ACC_IMAGE(ID_ACC_IMAGE, ID_ACC) VALUES(1, '0001234A');
INSERT INTO ACCOMODATION_ACC_IMAGE(ID_ACC_IMAGE, ID_ACC) VALUES(2, '0001234A');
INSERT INTO ACCOMODATION_ACC_IMAGE(ID_ACC_IMAGE, ID_ACC) VALUES(3, '0001234A');
INSERT INTO ACCOMODATION_ACC_IMAGE(ID_ACC_IMAGE, ID_ACC) VALUES(4, '0001234A');
INSERT INTO ACCOMODATION_ACC_IMAGE(ID_ACC_IMAGE, ID_ACC) VALUES(5, '0001234A');

-- ACCOMODATION NUM.2
-- NÚMERO DE REGISTRO: 0005678B
-- Nº CAMAS: 2
-- Nº BAÑOS: 1
-- Nº INVITADOS: 2
-- Nº HABITACIONES: 1
-- DIRECCIÓN. CALLE ORDOÑO 2, LEÓN
-- CATEGORIA: ESTUDIO
-- SUPERFICIE: 40 METROS CUADRADOS
-- PRECIO: 89.99€ / NOCHE
INSERT INTO ACCOMODATION_LOCATION(ID, LAT, LNG, DIRECTION, CITY, ZIP) VALUES(2, 42.59719114135686, -5.574461714926381, 'Av. de Ordoño, 19', 'León', 24001);
INSERT INTO ACCOMODATION(REG_NUM, ACC_DESCRIPTION, BEDS, NUM_BATHROOMS, NUM_BEDROOMS, 
PRICE_PER_NIGHT, GUESTS, AREA, ID_ACC_CATEGORY, ID_ACC_LOCATION, ID_USER_OWNER) VALUES('0005678B', 'Estudio en el centro de León, a 200m de la Catedral y los monumentos más emblemáticos de la ciudad. El alojamiento ofrece todos las facilidades para que disfrutes de unos días inolvidables en León.', 
2, 1, 1, 35, 2, 89.99, 2, 2, 3);

-- RULES
INSERT INTO ACCOMODATION_ACC_RULE(ID_ACC, ID_ACC_RULE) VALUES('0005678B', 1);
INSERT INTO ACCOMODATION_ACC_RULE(ID_ACC, ID_ACC_RULE) VALUES('0005678B', 2);
INSERT INTO ACCOMODATION_ACC_RULE(ID_ACC, ID_ACC_RULE) VALUES('0005678B', 3);

-- SERVICES
INSERT INTO ACCOMODATION_ACC_SERVICE(ID_ACC, ID_ACC_SERVICE) VALUES('0005678B', 1);
INSERT INTO ACCOMODATION_ACC_SERVICE(ID_ACC, ID_ACC_SERVICE) VALUES('0005678B', 2);
INSERT INTO ACCOMODATION_ACC_SERVICE(ID_ACC, ID_ACC_SERVICE) VALUES('0005678B', 3);
INSERT INTO ACCOMODATION_ACC_SERVICE(ID_ACC, ID_ACC_SERVICE) VALUES('0005678B', 4);
INSERT INTO ACCOMODATION_ACC_SERVICE(ID_ACC, ID_ACC_SERVICE) VALUES('0005678B', 5);
INSERT INTO ACCOMODATION_ACC_SERVICE(ID_ACC, ID_ACC_SERVICE) VALUES('0005678B', 6);
INSERT INTO ACCOMODATION_ACC_SERVICE(ID_ACC, ID_ACC_SERVICE) VALUES('0005678B', 8);
INSERT INTO ACCOMODATION_ACC_SERVICE(ID_ACC, ID_ACC_SERVICE) VALUES('0005678B', 9);
INSERT INTO ACCOMODATION_ACC_SERVICE(ID_ACC, ID_ACC_SERVICE) VALUES('0005678B', 11);
INSERT INTO ACCOMODATION_ACC_SERVICE(ID_ACC, ID_ACC_SERVICE) VALUES('0005678B', 13);
INSERT INTO ACCOMODATION_ACC_SERVICE(ID_ACC, ID_ACC_SERVICE) VALUES('0005678B', 14);
INSERT INTO ACCOMODATION_ACC_SERVICE(ID_ACC, ID_ACC_SERVICE) VALUES('0005678B', 15);
INSERT INTO ACCOMODATION_ACC_SERVICE(ID_ACC, ID_ACC_SERVICE) VALUES('0005678B', 19);
INSERT INTO ACCOMODATION_ACC_SERVICE(ID_ACC, ID_ACC_SERVICE) VALUES('0005678B', 20);
INSERT INTO ACCOMODATION_ACC_SERVICE(ID_ACC, ID_ACC_SERVICE) VALUES('0005678B', 21);
INSERT INTO ACCOMODATION_ACC_SERVICE(ID_ACC, ID_ACC_SERVICE) VALUES('0005678B', 23);
INSERT INTO ACCOMODATION_ACC_SERVICE(ID_ACC, ID_ACC_SERVICE) VALUES('0005678B', 25);
INSERT INTO ACCOMODATION_ACC_SERVICE(ID_ACC, ID_ACC_SERVICE) VALUES('0005678B', 27);
INSERT INTO ACCOMODATION_ACC_SERVICE(ID_ACC, ID_ACC_SERVICE) VALUES('0005678B', 32);


-- -----------
-- PROMO CODES
-- -----------

-- FIRST PROMO CODE
-- USER: Samuel Cooper
-- ACCOMODATION: 1
-- DISCCOUNT: 10%
INSERT INTO PROMO_CODE(SERIAL_NUM, AMOUNT_PERCENTAGE, DATE_START, DATE_END, ID_USER) 
  VALUES('XCmQOJpyjO', 10, DATE('2022-03-20'), DATE('2022-03-27'), 1);
  
INSERT INTO ACCOMODATION_PROMO_CODE(ID_ACC, ID_PROMO_CODE) VALUES('0001234A', 'XCmQOJpyjO');



-- -----------
-- USER REVIEWS
-- -----------

-- REVIEW DEL USUARIO ID[1]: SAMUEL COOPER AL USUARIO ID[2]: DANA MORENO

INSERT INTO USER_REVIEW(CONTENT, STARS, ID_USER_A, ID_USER_B) VALUES("Usuario de 10! Excelente trato", 5, 1, 2);


-- -----------
-- ACCOMODATION LOCATIONS
-- -----------
INSERT INTO ACCOMODATION_LOCATION(ID, LAT, LNG, DIRECTION, CITY, ZIP) VALUES(3, 42.59637527040337, -5.569699249869098, 'C. la Rúa, 39', 'León', 24003);
INSERT INTO ACCOMODATION_LOCATION(ID, LAT, LNG, DIRECTION, CITY, ZIP) VALUES(4, 42.59328280060388, -5.56556858424137, 'C. Santa Ana, 30', 'León', 24001);
INSERT INTO ACCOMODATION_LOCATION(ID, LAT, LNG, DIRECTION, CITY, ZIP) VALUES(5, 42.58535790970073, -5.558791164868592, 'Av. del Alcalde Miguel Castaño', 'León', 24005);
INSERT INTO ACCOMODATION_LOCATION(ID, LAT, LNG, DIRECTION, CITY, ZIP) VALUES(6, 42.584583860109134, -5.569473392375086, 'Plaza El Parque', 'León', 24005);


-- -----------
-- PAYMENTS
-- -----------

-- PAGOS REALIZADOS AL EFECTUAR UNA RESERVA

INSERT INTO PAYMENT(ID) VALUES(1);
INSERT INTO PAYMENT(ID) VALUES(2);

INSERT INTO PAYMENT_CREDIT_CARD(ID_PAYMENT, CARD_NUMBER) VALUES(1, '342765014567197');
INSERT INTO PAYMENT_PAYPAL(ID_PAYMENT, ACCOUNT_EMAIL) VALUES(2, 'pepe.rodr@gmail.com');


-- -----------
-- BOOKINGS
-- -----------

-- BOOKING 1 - ALOJAMIENTO 1 - PAGADO CON TARJETA DE CRÉDITO

INSERT INTO BOOKING(ID, CHECK_IN, CHECK_OUT, GUESTS, AMOUNT, SERVICE_FEE, TOTAL, ID_USER, ID_ACCOMODATION, PAYMENT_ID) VALUES(1, DATE('2022-04-01'), DATE('2022-04-03'), 4, 200, 20, 220, 1, '0001234A', 1);
INSERT INTO BOOKING(ID, CHECK_IN, CHECK_OUT, GUESTS, AMOUNT, SERVICE_FEE, TOTAL, ID_USER, ID_ACCOMODATION, PAYMENT_ID) VALUES(2, DATE('2022-05-12'), DATE('2022-05-13'), 2, 233, 23.30, 256.30, 1, '0001234A', 2);
INSERT INTO BOOKING(ID, CHECK_IN, CHECK_OUT, GUESTS, AMOUNT, SERVICE_FEE, TOTAL,ID_USER, ID_ACCOMODATION, PAYMENT_ID) VALUES(3, DATE('2022-05-16'), DATE('2022-05-23'), 2, 99, 9.9, 108.9, 3, '0001234A', 2);
INSERT INTO BOOKING(ID, CHECK_IN, CHECK_OUT, GUESTS, AMOUNT, SERVICE_FEE, TOTAL,ID_USER, ID_ACCOMODATION, PAYMENT_ID) VALUES(4, DATE('2022-06-01'), DATE('2022-06-14'), 1, 88, 8.8, 196.8, 2, '0001234A', 1);
INSERT INTO BOOKING(ID, CHECK_IN, CHECK_OUT, GUESTS, AMOUNT, SERVICE_FEE, TOTAL,ID_USER, ID_ACCOMODATION, PAYMENT_ID) VALUES(5, DATE('2022-07-23'), DATE('2022-07-25'), 3, 335.65, 33.565, 369.215,  3, '0001234A', 1);
INSERT INTO BOOKING(ID, CHECK_IN, CHECK_OUT, GUESTS, AMOUNT, SERVICE_FEE, TOTAL,ID_USER, ID_ACCOMODATION, PAYMENT_ID) VALUES(6, DATE('2022-05-25'), DATE('2022-05-29'), 3, 500, 50, 550, 1, '0001234A', 1);


-- -----------
-- SAVED ACCOMODATIONS
-- -----------

INSERT INTO SAVED_ACCOMODATION(ID, ID_USER, ID_ACC) VALUES(1, 1, '0001234A');


-- -----------
-- ACCOMODATION REVIEWS
-- -----------

-- EXCEPTION: HOST USER CANNOT RATE HIS/HER ACCOMODATIONS

INSERT INTO ACCOMODATION_REVIEW(ID, CONTENT, STARS, ID_USER, ID_ACC) VALUES(1, 'El alojamiento está como en las fotos, hemos pasado unos días increíbles', 4, 2, '0001234A');
INSERT INTO ACCOMODATION_REVIEW(CONTENT, STARS, ID_USER, ID_ACC) VALUES('Una estancia muy tranquila para disfrutar de unos días de vacaciones con todo detalle', 5, 1, '0005678B');
INSERT INTO ACCOMODATION_REVIEW(CONTENT, STARS, ID_USER, ID_ACC) VALUES('Samuel cuida los pequeños detalles y nos recibió con un aperitivo, repetiremos !!', 5, 4, '0001234A');


-- -----------
-- ACCOMODATION REVIEW REPLY
-- -----------

-- RESPUESTA DEL USUARIO HOST DEL ALOJAMIENTO A UNA DE LAS REVIEWS [REVIEW {1}]
INSERT INTO ACCOMODATION_REVIEW_REPLY(ID, CONTENT, ID_ACCOMODATION_REVIEW) VALUES(1, "Gracias por tu comentario!", 1);


-- -----------
-- APPLICATION SEARCHES
-- -----------

INSERT INTO APP_SEARCH(WORD) VALUES("León");
INSERT INTO APP_SEARCH(WORD) VALUES("Madrid");
INSERT INTO APP_SEARCH(WORD) VALUES("Valladolid");
INSERT INTO APP_SEARCH(WORD) VALUES("Avenida Ordoño, León");
INSERT INTO APP_SEARCH(WORD) VALUES("Zaragoza");
INSERT INTO APP_SEARCH(WORD) VALUES("Madrid");
INSERT INTO APP_SEARCH(WORD) VALUES("Avenida San Marcos 3, León");
INSERT INTO APP_SEARCH(WORD) VALUES("León");
INSERT INTO APP_SEARCH(WORD) VALUES("Madrid");
INSERT INTO APP_SEARCH(WORD) VALUES("Paso de la Castellana, Madrid");
INSERT INTO APP_SEARCH(WORD) VALUES("Galicia");

-- -----------
-- SEARCH HISTORY
-- -----------

-- USER ID [1]: SAMUEL COOPER
INSERT INTO USER_SEARCH_HISTORY(ID_USER, ID_SEARCH) VALUES(1, 1);
INSERT INTO USER_SEARCH_HISTORY(ID_USER, ID_SEARCH) VALUES(1, 2);
INSERT INTO USER_SEARCH_HISTORY(ID_USER, ID_SEARCH) VALUES(1, 3);
INSERT INTO USER_SEARCH_HISTORY(ID_USER, ID_SEARCH) VALUES(1, 1);
INSERT INTO USER_SEARCH_HISTORY(ID_USER, ID_SEARCH) VALUES(1, 11);


-- USER ID [6]: MARINA RIOJAS
INSERT INTO USER_SEARCH_HISTORY(ID_USER, ID_SEARCH) VALUES(6, 1);
INSERT INTO USER_SEARCH_HISTORY(ID_USER, ID_SEARCH) VALUES(6, 4);
INSERT INTO USER_SEARCH_HISTORY(ID_USER, ID_SEARCH) VALUES(6, 1);
INSERT INTO USER_SEARCH_HISTORY(ID_USER, ID_SEARCH) VALUES(6, 5);


